site,year,month,day_frac_T4,day_frac_arh,logger,T4_mean,T4_absmax,T4_absmin,T4_meanmax,T4_meanmin,arh_sd,arh_cv,arh_med,arh_mean,arh_absmax,arh_absmin,T4_TDD,T4_GDD3,T4_GDD5,T4_FDD,T4_TDD_days,T4_GDD3_days,T4_GDD5_days,T4_FDD_days
1,2019,9,0.5666666666666667,0.5666666666666667,a,4.4,10.3,-2.1,7.59,1.04,5.78,0.07,89,88.3,98.8,58.1,74.78,61.61,53.23,0,17,10,8,0
1,2019,10,1,1,a,1.37,9.3,-6.2,3.27,-0.49,3.68,0.04,97,95.8,100,65.1,58.09,42.77,27.88,-15.49,25,8,4,6
1,2019,11,0.26666666666666666,0.26666666666666666,a,-7.63,0.6,-20.4,-4.86,-11.5,2.68,0.03,94.3,94.4,99.7,84.4,0,0,0,-61.05,0,0,0,8
1,2020,1,0.25806451612903225,0.25806451612903225,a,-8.67,-1.5,-24.2,-6.05,-12.11,2.63,0.03,88.8,88,92.7,76.4,0,0,0,-69.37,0,0,0,8
1,2020,2,0.7931034482758621,0.7931034482758621,a,-5.52,3,-23.5,-2.4,-8.97,2.99,0.03,89.8,89.7,95.8,78.1,5.38,0,0,-132.35,7,0,0,16
1,2020,3,1,1,a,-3.2,12,-20.8,2.39,-9.1,9.98,0.13,81.1,79.1,95.6,37.2,16.33,6.45,0,-115.67,10,2,0,21
1,2020,4,1,1,a,0.03,11.6,-19.9,5.83,-5.82,6.76,0.09,72.5,72,93.1,33,29.79,14.29,0,-28.98,18,4,0,12
1,2020,5,1,1,a,7.21,25.8,-6.1,14.16,0.28,12.59,0.21,58.3,61.4,94.1,21.7,223.48,211.37,186.61,0,31,26,20,0
1,2020,6,1,1,a,17.29,30.9,4.6,23.39,10.32,10.15,0.17,58.9,59.9,94.7,28,518.8,518.8,518.8,0,30,30,30,0
1,2020,7,1,1,a,14.93,26.7,7.1,19.59,10.22,9.74,0.13,75,76.7,96.4,32.1,462.9,462.9,462.9,0,31,31,31,0
1,2020,8,1,1,a,13.93,24.4,2.2,18.43,9.17,5.45,0.07,79.4,79.3,96,53,431.91,431.91,431.91,0,31,31,31,0
1,2020,9,1,1,a,9.43,20.4,-1,13.45,5.68,6.12,0.07,89,88.4,98.8,50.9,282.92,282.92,277.94,0,30,30,29,0
1,2020,10,1,1,a,4.83,13.3,-4.1,6.59,3.01,3.27,0.03,95.6,95.2,100,75,155.18,148.27,137.78,-5.54,28,19,16,3
1,2020,11,1,1,a,0.44,9,-8.8,2.12,-1.36,3.83,0.04,95.6,95,99.9,73.4,40.33,29.34,17.98,-27.12,16,6,3,14
1,2020,12,1,1,a,-3.4,2.2,-15.4,-1.72,-5.25,2.15,0.02,95.4,96.1,100,85.8,3.38,0,0,-108.73,4,0,0,27
1,2021,1,1,1,a,-9.83,0.8,-32.4,-7.26,-12.59,4.49,0.05,93,92.2,99.6,80.5,0.78,0,0,-305.55,3,0,0,28
1,2021,2,1,1,a,-13.52,2.1,-33.1,-10.36,-17.04,3.72,0.04,89.2,88.8,99.2,78.3,0.58,0,0,-379,2,0,0,26
1,2021,3,1,1,a,-5.32,9.8,-35.7,-0.37,-10.36,5.98,0.07,83.9,84.2,98.5,54,17.82,10.51,0,-182.62,9,3,0,22
1,2021,4,1,1,a,2.13,18.4,-7.4,8.27,-2.53,10.75,0.14,77,76.1,97.1,28.3,65.67,35.48,15.83,-1.75,28,8,3,2
1,2021,5,1,1,a,8.57,28.9,-6.6,14.43,3.48,13.54,0.19,74.3,73,98.8,30.5,265.82,259.79,235.68,0,31,26,20,0
1,2021,6,1,1,a,17.92,33.5,2.7,24.06,11.23,12.59,0.19,66.3,67.1,100,27.8,537.72,537.72,537.72,0,30,30,30,0
1,2021,7,1,1,a,19.2,32.1,5.3,24.94,13.05,7.52,0.11,69.3,69.4,99.9,36.7,595.06,595.06,595.06,0,31,31,31,0
1,2021,8,1,1,a,13.07,23.8,2.6,17.22,9.14,8.82,0.1,91.2,89.4,100,43.1,405.14,405.14,405.14,0,31,31,31,0
1,2021,9,1,1,a,6.05,14.2,-2.9,9.54,2.67,5.16,0.06,91.4,92,100,61.3,181.6,177.03,152.12,0,30,28,22,0
1,2021,10,0.1935483870967742,0.1935483870967742,a,7.52,13.2,3.2,10.03,5.7,4.62,0.05,93.1,93.6,100,68.5,45.13,45.13,45.13,0,6,6,6,0
3,2019,9,0.5666666666666667,0.5666666666666667,a,4.08,11,-2.8,7.68,0.38,6.4,0.07,91,90.5,100,55.9,69.44,59.36,52.07,0,17,10,8,0
3,2019,10,1,1,a,1.17,9.3,-6.3,3.12,-0.72,2.83,0.03,99.2,97.9,100,68.7,54.61,40.4,28.14,-18.36,20,7,4,11
3,2019,11,1,1,a,-3.2,5.2,-20.1,-1.33,-5.47,1.81,0.02,98.5,98,100,90,8.1,0,0,-104.09,6,0,0,24
3,2019,12,1,1,a,-2.89,1.8,-17.9,-1.3,-4.97,2.27,0.02,98.4,97.6,100,87.6,2.02,0,0,-91.47,4,0,0,27
3,2020,1,1,1,a,-3.36,3.5,-22,-1.29,-5.56,4.07,0.04,94,93.6,99.2,74.9,6.81,0,0,-111.03,8,0,0,23
3,2020,2,1,1,a,-4.81,2.8,-21.6,-2.2,-7.93,3.33,0.04,91.4,91.6,97.7,74,6.1,0,0,-145.69,8,0,0,21
3,2020,3,1,1,a,-3.14,7.7,-21,0.79,-8.3,10.97,0.14,80.8,79.6,96.6,37.9,15.5,3.2,0,-112.93,10,1,0,21
3,2020,4,1,1,a,-0.42,10.5,-19.3,3.52,-4.96,8.43,0.11,72.8,74.4,93.9,34.9,22.15,6.96,0,-34.84,14,2,0,16
3,2020,5,1,1,a,6.21,21.8,-5,11.15,0.28,12.21,0.19,61.3,63.9,94.1,23.6,192.54,178.82,147.81,0,31,24,16,0
3,2020,6,1,1,a,16.52,30.3,3.8,22.21,9.72,9.23,0.15,59.6,61.7,94.6,29.8,495.69,495.69,495.69,0,30,30,30,0
3,2020,7,1,1,a,14.42,26.4,6.4,18.65,9.77,8.71,0.11,76.6,78.6,95.3,35.5,446.88,446.88,446.88,0,31,31,31,0
3,2020,8,1,1,a,13.63,24.3,0.4,18.35,8.72,4.7,0.06,78.9,78.9,94.4,47.6,422.54,422.54,422.54,0,31,31,31,0
3,2020,9,1,1,a,9.32,19.4,-1.7,13.21,5.58,5.7,0.07,86.4,86.5,96.3,53.7,279.62,279.62,275.43,0,30,30,29,0
3,2020,10,1,1,a,4.8,13.4,-4.1,6.39,3.1,3.79,0.04,94.6,94.2,100,73.1,155.48,149.81,138.68,-6.63,27,19,16,4
3,2020,11,1,1,a,0.59,8.6,-8.6,2.27,-1.29,3.27,0.03,98.1,96.9,100,73.8,44,30.75,18.42,-26.23,18,6,3,12
3,2020,12,1,1,a,-3.26,2.7,-13.2,-1.62,-5.03,0.4,0,99.7,99.6,100,95.8,4.53,0,0,-105.73,4,0,0,27
3,2021,1,1,1,a,-9.66,0.7,-31.4,-7.19,-12.24,3.28,0.03,98.8,97.2,100,84.4,0.58,0,0,-299.96,3,0,0,28
3,2021,2,1,1,a,-13.39,1.3,-30.6,-10.5,-16.75,2.89,0.03,95.7,95.3,100,84.3,0.18,0,0,-375.17,1,0,0,27
3,2021,3,1,1,a,-4.91,9.2,-33.3,-0.8,-9.46,6.34,0.07,90.2,89.5,99,55.9,18.62,7.62,0,-170.87,10,2,0,21
3,2021,4,1,1,a,1.7,12.8,-6.6,5.67,-2.16,11.55,0.14,82.1,80.5,98.6,36,54.32,32.48,0,-3.27,25,8,0,5
3,2021,5,0.3548387096774194,0.3548387096774194,a,2.55,11.1,-6.8,6.06,-1.43,14.17,0.2,68.1,71.6,96.5,36.2,28.55,20.97,13.79,-0.46,9,4,2,2
4,2019,9,0.5666666666666667,0.5666666666666667,a,4.14,10,-2.8,7.5,0.62,5.45,0.06,91.9,90.8,100,61.8,70.37,60.42,52.62,0,17,10,8,0
4,2019,10,1,1,a,1.18,9.3,-6.3,3.05,-0.7,3.14,0.03,98.9,97.8,100,62.8,53.74,39.02,27.97,-17.29,20,7,4,11
4,2019,11,1,1,a,-3.15,4,-21.1,-1.46,-5.44,2.14,0.02,98.6,98.1,100,87.8,7.54,0,0,-102.03,7,0,0,23
4,2019,12,1,1,a,-3,1,-20.4,-1.41,-5.13,1.93,0.02,97.6,97,99.9,88.1,0.77,0,0,-93.86,3,0,0,28
4,2020,1,1,1,a,-3.65,2.5,-23.9,-1.59,-6.05,3.45,0.04,95.6,95.1,99.6,79.8,3.69,0,0,-116.93,8,0,0,23
4,2020,2,1,1,a,-5.11,2.3,-23.7,-2.39,-8.5,2.97,0.03,94.2,93.5,98.8,83,4.57,0,0,-152.84,8,0,0,21
4,2020,3,1,1,a,-3.44,5.5,-20.6,0.36,-8.89,10.07,0.12,85.7,84.1,98.5,37.6,10.87,0,0,-117.43,10,0,0,21
4,2020,4,1,1,a,-0.22,8.3,-19.6,4.16,-5.34,8.56,0.11,77,76.7,96.5,29.1,25.27,6.49,0,-31.72,17,2,0,13
4,2020,5,1,1,a,6.47,22.7,-5,11.55,0.33,13.63,0.2,63.6,66.5,97.6,24,200.56,188.07,147.98,0,31,25,15,0
4,2020,6,1,1,a,16.8,29.9,3,22.68,9.86,10.34,0.16,61.8,63.6,97.7,30.6,504.12,504.12,504.12,0,30,30,30,0
4,2020,7,1,1,a,14.61,25.5,6.6,18.56,10.08,8.78,0.11,82.2,83.2,100,36.2,452.8,452.8,452.8,0,31,31,31,0
4,2020,8,1,1,a,13.6,25.8,1.2,17.89,8.83,6.14,0.07,86.3,85.8,100,52.2,421.68,421.68,421.68,0,31,31,31,0
4,2020,9,1,1,a,9.25,17.6,-1.6,12.74,5.52,5.44,0.06,96.1,94.1,100,56.3,277.41,277.41,272.96,0,30,30,29,0
4,2020,10,0.7741935483870968,0.7741935483870968,a,5.09,13.3,-3.9,6.72,3.38,2.42,0.02,99.5,98.3,100,78.9,126.35,120.77,117.61,-4.2,20,14,13,4
6,2019,9,0.5666666666666667,0.5666666666666667,a,4.06,15.1,-5.4,9.08,-0.68,6.55,0.08,88,86.9,99,45.1,69.46,63.18,52.66,-0.38,16,11,8,1
6,2019,10,1,1,a,1.26,9.6,-6.5,3.86,-1.03,4.5,0.05,95.9,94.6,100,52.8,57.73,41.18,28.66,-18.58,20,7,4,11
6,2019,11,1,1,a,-3.33,5.5,-22.6,-1.12,-5.88,3.03,0.03,98,97.2,100,77.3,8.79,0,0,-108.57,6,0,0,24
6,2019,12,0.4838709677419355,0.4838709677419355,a,-4.54,2.6,-22.2,-1.79,-8.16,3.14,0.03,96.5,95.5,100,82.8,2.68,0,0,-70.73,3,0,0,12
6,2020,1,1,1,a,-3.52,4.2,-25.7,-1.08,-6.27,3.57,0.04,90.3,89.7,95.6,69.4,8.55,0,0,-117.56,9,0,0,22
6,2020,2,1,1,a,-5.1,3.4,-25.5,-1.14,-9.56,3.69,0.04,87.8,86.8,93,60.6,7.92,0,0,-155.82,8,0,0,21
6,2020,3,1,1,a,-2.92,12.3,-23.3,3.21,-10,9.71,0.13,77.4,75,92.1,31.1,22.23,11.2,0,-112.78,10,3,0,21
6,2020,4,1,1,a,0.04,13.9,-22.1,6.81,-6.93,6.82,0.1,69.6,70.5,90.7,31.3,34.85,15.53,0,-33.62,18,4,0,12
6,2020,5,1,1,a,7.18,25,-6.2,14.58,-0.91,10.52,0.17,60.4,62.8,90.2,23.3,222.57,212.92,174.28,0,31,27,18,0
6,2020,6,1,1,a,17.11,35.4,1.1,25.36,8,8.21,0.13,59.4,61.2,89.6,26.5,513.44,513.44,513.44,0,30,30,30,0
6,2020,7,1,1,a,14.93,32.1,4.3,21.23,8.51,7.08,0.09,74.1,74.7,90.9,30.1,462.92,462.92,462.92,0,31,31,31,0
6,2020,8,1,1,a,13.98,29.7,-1,21.08,7.1,4.25,0.06,76.5,76.5,91.3,43.2,433.29,433.29,433.29,0,31,31,31,0
6,2020,9,1,1,a,9.4,20.5,-3.2,14.75,4.04,5.02,0.06,84.2,83.4,92.7,46,282.13,282.13,278.05,0,30,30,29,0
6,2020,10,1,1,a,4.84,17.6,-4.6,7.15,2.68,2.77,0.03,89.9,89.4,94.3,61.3,157.36,149.18,145.9,-7.22,25,18,17,6
6,2020,11,0.13333333333333333,0.13333333333333333,a,4.03,10,-0.9,5.97,2.08,1.62,0.02,90.4,90,93.2,83.3,16.12,11.57,7.42,0,4,2,1,0
7,2019,9,0.5666666666666667,0.5666666666666667,a,4.04,10.8,-3.4,8.05,0.04,5.49,0.06,89.1,88.5,98.6,57.6,68.75,59.58,52.07,0,17,10,8,0
7,2019,10,1,1,a,1.16,9.4,-6.4,3.32,-0.95,3.43,0.04,96,95.2,99.7,66.5,54.67,39.81,28.49,-18.62,19,7,4,12
7,2019,11,0.7666666666666667,0.7666666666666667,a,-3.17,5.3,-22.3,-1.22,-5.59,2.36,0.02,95.6,94.8,98.1,84.2,8.88,0,0,-81.7,7,0,0,16
7,2019,12,0.16129032258064516,0.16129032258064516,a,-6.53,1.9,-20.3,-2.8,-10.94,2.74,0.03,90.7,90.8,95.6,81.1,0.84,0,0,-33.48,1,0,0,4
7,2020,1,0.6451612903225806,0.6451612903225806,a,-4.07,2.7,-24.9,-1.91,-6.46,2.97,0.03,92.3,91.5,95.8,80.2,5.13,0,0,-86.49,5,0,0,15
7,2020,2,1,1,a,-5.06,3.2,-24.2,-2.07,-8.78,3.25,0.04,88.9,88.8,95.5,71.5,7.21,0,0,-153.94,8,0,0,21
7,2020,3,1,1,a,-3.08,14.6,-22.1,2.91,-9.37,11.06,0.14,78.6,76.4,94,30.8,19.62,7.28,0,-115.12,10,2,0,21
7,2020,4,1,1,a,0.14,13,-20.3,6.34,-5.77,7.35,0.1,69.8,70.5,92.2,29.5,33.67,15.03,0,-29.49,19,4,0,12
7,2020,5,1,1,a,6.94,23.9,-5.6,13.89,-0.34,11.57,0.19,59.5,62.5,93.7,21.9,215.11,204.32,171.75,0,31,26,18,0
7,2020,6,1,1,a,16.62,29.4,2.1,22.91,9.21,9.11,0.15,60.2,62.8,94.9,31,498.68,498.68,498.68,0,30,30,30,0
7,2020,7,1,1,a,14.49,27.2,5.9,19.31,9.41,8.23,0.1,77.3,78.8,97.5,34.8,449.21,449.21,449.21,0,31,31,31,0
7,2020,8,1,1,a,13.54,24.7,-0.4,18.76,8.22,4.58,0.06,80.7,81,97.7,49.5,419.79,419.79,419.79,0,31,31,31,0
7,2020,9,1,1,a,9.23,18.9,-2.3,13.37,5.04,5.57,0.06,89.3,88.9,99.7,54.4,277.03,277.03,272.94,0,30,30,29,0
7,2020,10,0.7419354838709677,0.7419354838709677,a,5.26,14.4,-4.4,7.41,3.22,3.17,0.03,95.7,95.3,100,71.9,125.47,120.49,117.27,-4.46,19,14,13,4
7,2020,12,0.7419354838709677,0.7419354838709677,a,-3.82,2.7,-13.5,-1.93,-5.77,2.04,0.02,96,96.6,100,90.7,3.53,0,0,-91.47,3,0,0,20
7,2021,1,1,1,a,-9.78,0.8,-32.6,-7.15,-12.59,4.08,0.04,94.4,93.5,100,80.8,0.57,0,0,-303.86,3,0,0,28
7,2021,2,1,1,a,-13.57,2.1,-33.3,-10.18,-17.42,3.81,0.04,90.1,89.8,100,77.3,0.37,0,0,-380.27,1,0,0,27
7,2021,3,1,1,a,-5.03,13.4,-36.5,1.35,-10.9,7.25,0.09,82.8,82.7,99.5,42.4,21.59,16.12,5.13,-177.48,10,4,1,21
7,2021,4,1,1,a,2.2,17.7,-7.6,8.33,-2.88,11.18,0.15,75.5,76.5,99.9,27.1,67.9,36.64,15.92,-1.91,27,8,3,3
7,2021,5,1,1,a,8.51,29.2,-7.2,14.29,2.91,14.26,0.19,74.5,75.5,100,27.2,263.72,258.99,235.3,0,31,26,20,0
7,2021,6,0.6,0.6,a,15.64,28,0.7,22.07,7.07,11.06,0.17,61.5,64.9,100,30.6,281.53,281.53,281.53,0,18,18,18,0
8,2019,9,0.5666666666666667,0.5666666666666667,a,4.4,13.2,-5,9.11,-0.16,6.82,0.08,87.3,86.4,99.5,50.6,74.8,66.02,54.81,0,17,11,8,0
8,2019,10,1,1,a,1.4,9.7,-6.7,3.9,-0.86,4.75,0.05,95.1,94.1,100,61.9,61.07,45.51,34.45,-17.54,22,8,5,9
8,2019,11,1,1,a,-3.11,5.5,-21.9,-0.93,-5.91,3.03,0.03,98.1,97.1,100,73,11.11,3.54,0,-104.41,7,1,0,23
8,2019,12,0.9032258064516129,0.9032258064516129,a,-2.73,2.8,-22.9,-0.87,-5.43,2.1,0.02,98.9,98.2,100,78.4,3.07,0,0,-79.51,4,0,0,24
8,2020,1,1,1,a,-3.38,4.2,-26.8,-0.93,-6.22,4.51,0.05,96.2,95.1,100,67.4,10.12,0,0,-115.02,10,0,0,21
8,2020,2,1,1,a,-4.79,3.6,-26.2,-1,-9.09,5.85,0.06,94.2,91.9,100,52.7,8.9,0,0,-147.74,8,0,0,21
8,2020,3,1,1,a,-2.78,10.9,-23.2,2.83,-9.95,11.52,0.15,79.3,77.7,99.1,33.2,23.71,11.38,0,-109.97,11,3,0,20
8,2020,4,1,1,a,0.34,13.8,-22.9,6.7,-7.12,8.3,0.11,72,72.5,98.4,30.5,41.35,24.34,0,-31.03,19,6,0,11
8,2020,5,1,1,a,7.45,22.9,-7.4,13.12,-0.66,11.76,0.18,61.9,64.5,98.7,27.8,230.85,226.2,203.03,0,31,29,23,0
8,2020,6,1,1,a,17.77,31.3,2,23.81,8.9,9.81,0.16,59.1,61.7,97.4,29.2,533.02,533.02,533.02,0,30,30,30,0
8,2020,7,1,1,a,15.71,30.1,5,20.95,9.02,8.89,0.12,74.5,76.3,98.9,32.2,486.94,486.94,486.94,0,31,31,31,0
8,2020,8,1,1,a,14.39,30.7,-1.2,20.85,7.43,5.21,0.07,78.4,78.6,98.8,42.1,446.24,446.24,446.24,0,31,31,31,0
8,2020,9,1,1,a,9.68,20.7,-2.6,14.92,4.33,5.91,0.07,87,86.7,99,46.3,290.42,290.42,286.12,0,30,30,29,0
8,2020,10,1,1,a,5.03,15.4,-4.6,7.17,2.78,2.84,0.03,93.4,93.2,99.7,68.7,162.41,154.57,147.85,-6.51,27,19,17,4
8,2020,11,0.1,0.1,a,4.16,9.3,-1,6.07,1.67,3.73,0.04,95.9,94.9,99.2,83.8,12.49,7.64,7.64,0,3,1,1,0
9,2019,9,0.5666666666666667,0.5666666666666667,a,3.77,12.8,-8,8.96,-2.29,6.8,0.08,87,85.4,98.1,48.9,65.21,58.78,47.35,-1.17,16,10,7,1
9,2019,10,1,1,a,1.26,9.7,-6.5,3.76,-1.29,4.49,0.05,94.2,93.1,99.7,54,58.08,44.62,34.05,-19.03,20,8,5,11
9,2019,11,1,1,a,-3.37,5.6,-26.1,-0.87,-6.21,4.02,0.04,97.1,96,100,61.5,10.82,3.48,0,-111.78,7,1,0,23
9,2019,12,1,1,a,-3.13,2.7,-24.5,-1.16,-5.95,2.17,0.02,98.1,97.6,100,80.9,3.12,0,0,-100.02,4,0,0,27
9,2020,1,1,1,a,-3.52,4.3,-27.1,-0.94,-6.55,4.97,0.05,96.2,94.9,100,62.8,9.4,0,0,-118.43,10,0,0,21
9,2020,2,1,1,a,-5.07,4.4,-27.5,-0.82,-10.27,6.23,0.07,93.8,91.4,100,49.1,8.89,0,0,-155.92,8,0,0,21
9,2020,3,1,1,a,-2.7,12,-24.3,3.5,-10.72,12.37,0.16,77.9,76.3,99.6,28.2,25.77,12.65,0,-109.41,11,3,0,20
9,2020,4,1,1,a,0.27,15.2,-24.2,7.89,-8.89,7.93,0.11,69.6,71.1,99,23.7,38.77,20.12,5.6,-30.72,20,5,1,10
9,2020,5,1,1,a,7.23,23.7,-8,13.51,-1.96,12.08,0.19,60.5,63.5,99.3,23.8,224.26,219.93,175.71,0,31,29,18,0
9,2020,6,1,1,a,17.46,31.9,-0.5,24.42,6.8,9.66,0.16,59.1,62.1,99.2,26.8,523.69,523.69,523.69,0,30,30,30,0
9,2020,7,1,1,a,15.53,30.4,2.7,21.19,8.08,9.43,0.12,74.8,76.7,100,30.5,481.58,481.58,481.58,0,31,31,31,0
9,2020,8,1,1,a,14.05,28.9,-1.8,20.6,6.51,5.35,0.07,79.5,80.2,100,43.1,435.62,435.62,435.62,0,31,31,31,0
9,2020,9,1,1,a,9.54,22.2,-4.3,14.78,3.81,6.89,0.08,89.6,88.8,100,42.5,286.1,286.1,282.12,0,30,30,29,0
9,2020,10,1,1,a,4.95,15.6,-4.6,7.16,2.5,3.14,0.03,97.4,96.6,100,65.6,160.32,151.03,147.68,-7,26,18,17,5
9,2020,11,0.13333333333333333,0.13333333333333333,a,4.16,9.6,-0.9,6.08,2.1,2.07,0.02,97.7,97.2,100,87,16.64,11.92,7.38,0,4,2,1,0
10,2019,9,0.5666666666666667,0.5666666666666667,a,4.07,12.1,-5.2,8.64,-0.58,6.33,0.07,87.2,86.1,98,51.2,69.51,60.6,53.06,-0.28,16,10,8,1
10,2019,10,1,1,a,1.31,9.9,-6.4,3.56,-0.97,4.2,0.04,95.4,94.1,99.6,59.5,58.17,44.02,33.96,-17.56,20,8,5,11
10,2019,11,0.8666666666666667,0.8666666666666667,a,-3.15,4.6,-23.5,-1.12,-5.65,2.74,0.03,95.7,95.6,99.7,83.6,8.67,0,0,-90.54,7,0,0,19
10,2019,12,1,1,a,-2.96,2.6,-22.7,-1.08,-5.58,2.7,0.03,94.7,93.7,97.3,78.7,2.91,0,0,-94.75,4,0,0,27
10,2020,1,1,1,a,-3.45,4.4,-26.1,-0.99,-6.25,4.95,0.05,91.2,90.6,96.7,66.8,8.59,0,0,-115.4,10,0,0,21
10,2020,2,1,1,a,-5.29,3.4,-26,-1.87,-9.69,3.62,0.04,88,87.7,95.3,71.5,8.1,0,0,-161.41,8,0,0,21
10,2020,3,1,1,a,-3.27,12.5,-23.4,2.35,-10.32,10.31,0.14,77.4,75.3,93.9,35.4,20.32,7.38,0,-121.77,10,2,0,21
10,2020,4,1,1,a,0.02,14,-21.9,6.46,-7.05,7.39,0.11,67.1,68.9,92.5,29.4,33.04,15.89,5.4,-32.32,19,4,1,11
10,2020,5,1,1,a,7.07,25.3,-7.3,14.45,-1.17,11.55,0.19,58,61.7,92.7,22.8,219.13,207.25,173.48,0,31,26,18,0
10,2020,6,1,1,a,17.29,32.7,1.1,25.16,7.84,9.01,0.15,58.2,59.7,95,26.5,518.59,518.59,518.59,0,30,30,30,0
10,2020,7,1,1,a,15.28,29.2,3.8,21.73,8.36,8.68,0.11,74.8,75.9,97.9,27.3,473.83,473.83,473.83,0,31,31,31,0
10,2020,8,1,1,a,13.88,28.9,-1.2,20.36,6.99,5.22,0.07,79.4,79.6,98.2,46.1,430.35,430.35,430.35,0,31,31,31,0
10,2020,9,1,1,a,9.35,21.1,-3.5,14.5,3.89,6.4,0.07,89.2,88.4,99.7,47.2,280.52,280.52,276.32,0,30,30,29,0
10,2020,10,0.967741935483871,0.967741935483871,a,5.06,14.2,-4.4,7.02,2.99,3.09,0.03,96,95.6,100,73.4,157.78,148.38,140.02,-5.86,27,18,16,3
10,2020,11,0.9666666666666667,0.9666666666666667,a,0.58,9,-12,2.46,-1.43,3.82,0.04,96.5,95.6,100,68.8,42.59,27.54,18.98,-25.85,17,5,3,12
10,2020,12,1,1,a,-3.23,2.6,-17.5,-1.41,-5.51,1.86,0.02,96.9,97.1,100,91,4.79,0,0,-104.97,6,0,0,25
10,2021,1,1,1,a,-9.95,0.9,-34.3,-7.04,-13.01,3.99,0.04,94.6,93.4,100,80.5,0.51,0,0,-308.87,3,0,0,28
10,2021,2,1,1,a,-13.75,2.9,-35.3,-9.96,-18.44,3.55,0.04,89.7,89.4,99.9,74,0.52,0,0,-385.43,1,0,0,27
10,2021,3,1,1,a,-5.14,12.6,-37.5,0.93,-11.9,7.7,0.09,82.8,81.2,98.9,33.1,22.91,17.02,0,-182.18,9,4,0,22
10,2021,4,1,1,a,2.19,20.7,-9.9,8.52,-3.7,10.57,0.14,75.4,75,97.8,24.2,67.88,40.61,16.65,-2.32,27,9,3,3
10,2021,5,0.3870967741935484,0.3870967741935484,a,4.18,26.7,-8.2,9.81,-1.42,12.63,0.19,62.5,67.1,98.3,28.8,50.71,45.36,34.11,-0.52,11,7,4,1
11,2019,9,0.5666666666666667,0.5666666666666667,a,4.06,12.7,-6.7,8.84,-0.98,6.57,0.08,86.9,85.7,98.1,49.8,69.75,63.6,48.15,-0.73,16,11,7,1
11,2019,10,1,1,a,1.31,9.8,-6.4,3.74,-1.07,4.52,0.05,94.2,93,99.5,54.5,58.65,44.35,33.97,-17.92,21,8,5,10
11,2019,11,1,1,a,-3.26,5.4,-24.5,-1.17,-5.99,3.18,0.03,96.9,96.1,100,82,10.82,3.47,0,-108.51,7,1,0,23
11,2019,12,1,1,a,-3.09,2.8,-23.5,-1.14,-5.79,2.37,0.02,98,97.3,100,80.1,2.96,0,0,-98.69,4,0,0,27
11,2020,1,1,1,a,-3.6,4.4,-27.1,-1.04,-6.51,4.89,0.05,96.7,95,100,67.6,8.61,0,0,-120.36,9,0,0,22
11,2020,2,1,1,a,-5.12,4.3,-26.9,-1.09,-10.1,5.61,0.06,93.6,91.5,99.7,57.4,8.7,0,0,-157.25,8,0,0,21
11,2020,3,1,1,a,-2.89,13.3,-23.6,3.39,-10.84,11.91,0.16,78.3,76.6,98.7,29.8,24.74,12.72,0,-114.38,11,3,0,20
11,2020,4,1,1,a,0.24,15.9,-23.2,6.96,-8,8.06,0.11,70.1,70.8,97.1,26.9,39.08,21.18,10.7,-31.85,20,5,2,10
11,2020,5,1,1,a,7.55,23.5,-7.5,13.13,-0.85,11.93,0.19,59.8,62.6,96.9,25,234,232.06,200.28,0,31,30,22,0
11,2020,6,1,1,a,17.66,31.7,1.5,23.68,8.1,9.89,0.16,58.8,61.2,96.4,28.9,529.9,529.9,529.9,0,30,30,30,0
11,2020,7,1,1,a,15.83,29.7,4.4,21.36,8.85,8.99,0.12,73.3,75.2,97.4,30.2,490.82,490.82,490.82,0,31,31,31,0
11,2020,8,1,1,a,14.27,29.3,-0.4,20.4,7.32,5.1,0.06,78.4,78.6,97.8,44.3,442.23,442.23,442.23,0,31,31,31,0
11,2020,9,1,1,a,9.65,21.7,-3.4,14.9,4.27,6.21,0.07,87.5,87,98.5,45.3,289.62,289.62,285.52,0,30,30,29,0
11,2020,10,1,1,a,4.99,15.1,-4.6,7.12,2.89,3.01,0.03,94.8,94.5,100,67.9,161.2,151.15,147.84,-6.39,26,18,17,5
11,2020,11,0.13333333333333333,0.13333333333333333,a,4.05,9.3,-0.9,5.88,1.93,2.26,0.02,96.4,95.6,99.9,84.8,16.22,11.48,7.24,0,4,2,1,0
12,2019,9,0.5666666666666667,0.5666666666666667,a,4.03,11.6,-4.8,8.34,-0.4,6.53,0.07,89.3,87.4,99,54.5,68.63,60.34,52.97,-0.12,16,10,8,1
12,2019,10,0.8064516129032258,0.8064516129032258,a,2.03,9.5,-3,4.34,-0.16,4.45,0.05,98.1,96.3,100,62.1,52.83,40.97,28.34,-1.99,19,7,4,6
12,2019,12,0.0967741935483871,0.0967741935483871,a,-2.97,2.5,-12.6,0.97,-8,2.04,0.02,94,94.7,97.9,89.6,1.17,0,0,-10.08,1,0,0,2
12,2020,1,1,1,a,-3.37,3.9,-24.2,-1.08,-5.83,4.46,0.05,94.2,92.4,97.9,71.5,8.38,0,0,-112.87,9,0,0,22
12,2020,2,1,1,a,-4.92,3.3,-24.2,-1.94,-8.47,3.74,0.04,90.4,90.8,97.4,70,7.53,0,0,-150.3,8,0,0,21
12,2020,3,1,1,a,-2.83,9.1,-21.7,1.7,-8.74,12.52,0.16,76.7,76.8,96.1,32.5,20.34,10.37,0,-107.97,10,3,0,21
12,2020,4,1,1,a,0.15,11.9,-20.1,5.5,-5.96,8.61,0.12,69.9,70.3,94.9,29.1,32.89,15.63,0,-28.31,18,4,0,12
12,2020,5,1,1,a,7.28,23,-5.9,13.24,-0.5,12.82,0.21,57.9,60.2,94.6,21.5,225.57,214.21,174.52,0,31,26,17,0
12,2020,6,1,1,a,17.43,31.8,1.8,23.95,8.71,9.96,0.17,57.1,59.1,97.1,26.5,522.83,522.83,522.83,0,30,30,30,0
12,2020,7,1,1,a,15.13,28.6,5,20.22,9.17,10.36,0.13,76.7,77.9,100,30.5,469.02,469.02,469.02,0,31,31,31,0
12,2020,8,1,1,a,14.03,26.3,-0.6,19.55,7.95,5.82,0.07,79.9,80.2,100,41.4,434.8,434.8,434.8,0,31,31,31,0
12,2020,9,1,1,a,9.49,20.2,-3.1,13.76,5.05,6.97,0.08,91.1,89.6,100,46.2,284.59,284.59,280.4,0,30,30,29,0
12,2020,10,0.7419354838709677,0.7419354838709677,a,5.33,13.9,-4.4,7.34,3.31,3.28,0.03,97.5,96.8,100,72.6,127.14,121.37,118.08,-4.62,19,14,13,4
12,2020,12,0.3870967741935484,0.3870967741935484,a,-2.45,2.9,-9.2,-0.98,-3.94,1.73,0.02,98.2,98.2,100,93.9,3.89,0,0,-33.32,3,0,0,9
12,2021,1,1,1,a,-9.92,0.8,-33.3,-7.25,-12.9,4.36,0.05,96,94.7,100,82,0.53,0,0,-307.92,3,0,0,28
12,2021,2,1,1,a,-13.41,2.2,-33.5,-10.07,-17.3,3.91,0.04,91.6,91.1,100,78.9,0.87,0,0,-376.48,2,0,0,26
12,2021,3,1,1,a,-4.61,11.1,-35.8,0.29,-10.04,8.43,0.1,83.3,82.9,99.9,33.3,24.92,16.97,5.12,-167.72,11,4,1,20
12,2021,4,1,1,a,2.31,17.2,-7.8,7.54,-2.9,12.85,0.17,77,75.9,100,27.4,71.99,43.81,22.62,-2.55,25,9,4,5
12,2021,5,1,1,a,8.86,28.4,-7.7,14.03,2.99,15.51,0.21,72.8,72.5,100,29.3,274.73,269.82,248.79,0,31,26,21,0
12,2021,6,1,1,a,18.27,33.2,0.4,24.67,9.33,13.07,0.2,63.9,65.2,100,27.2,548.25,548.25,548.25,0,30,30,30,0
12,2021,7,0.03225806451612903,0.03225806451612903,a,12.05,12.1,12,12.1,12,NA,NA,79,79,79.7,78.3,12.05,12.05,12.05,0,1,1,1,0
13,2019,9,0.5666666666666667,0.5666666666666667,a,4.06,14,-7.5,9.74,-1.48,6.73,0.08,86.6,85.8,98.6,45.9,70.01,63.87,48.2,-1.06,16,11,7,1
13,2019,10,1,1,a,1.28,9.9,-6.7,4.07,-1.29,5.36,0.06,95.9,94.2,100,53.8,58.72,44.43,28.93,-19.06,20,8,4,11
13,2019,11,1,1,a,-3.33,5.6,-26.6,-0.72,-6.29,3.67,0.04,96.9,95.9,100,60,10.32,3.35,0,-110.34,7,1,0,23
13,2019,12,1,1,a,-3.17,2.7,-23.8,-1.19,-5.96,2.35,0.02,95.6,95.2,99.1,78.7,2.94,0,0,-101.21,4,0,0,27
13,2020,1,1,1,a,-3.58,4.3,-27.7,-1.02,-6.56,4.8,0.05,92.5,91.5,97.4,62.8,8.88,0,0,-119.75,8,0,0,23
13,2020,2,1,1,a,-4.99,4.8,-27.5,-0.47,-10.27,6.39,0.07,89.5,87.5,96.5,43.7,8.49,0,0,-153.12,8,0,0,21
13,2020,3,1,1,a,-2.78,13,-24.3,4.04,-11.01,10.53,0.14,74.5,73.3,95.2,28.3,25.32,12.22,0,-111.47,11,3,0,20
13,2020,4,1,1,a,0.45,18,-23.6,8.25,-8.28,7.19,0.11,67.5,68.3,94.3,26.5,43.62,21.72,5.59,-30.15,21,5,1,9
13,2020,5,1,1,a,7.49,26.9,-8.9,14.74,-2.06,11.2,0.18,59.5,61.2,94.5,23.6,232.04,221.78,191.52,0,31,27,20,0
13,2020,6,1,1,a,17.9,33.4,-0.1,25.53,7.35,9.03,0.15,57,59.3,94.6,27.7,536.93,536.93,536.93,0,30,30,30,0
13,2020,7,1,1,a,15.74,29.6,2.9,22.25,7.74,9.23,0.13,71.8,73.7,97,31,487.8,487.8,487.8,0,31,31,31,0
13,2020,8,1,1,a,14.21,30.7,-2.3,21.56,6.38,5.25,0.07,76,76.8,97.3,42.6,440.58,440.58,440.58,0,31,31,31,0
13,2020,9,1,1,a,9.59,22.6,-5,15.39,3.48,6.21,0.07,85.6,85,97.8,45.4,287.63,287.63,283.81,0,30,30,29,0
13,2020,10,1,1,a,4.98,16.5,-5,7.43,2.69,3.74,0.04,93.5,92.9,99.7,61.1,161.33,151.75,148.48,-6.83,27,18,17,4
13,2020,11,1,1,a,0.55,11,-14.2,2.87,-1.83,4.13,0.04,94.2,92.9,99.5,70.2,46.77,31.94,19.09,-30.12,18,6,3,12
13,2020,12,1,1,a,-3.39,3,-17.6,-1.48,-5.77,2.42,0.03,95.1,95.2,100,88.8,5.28,0,0,-110.22,4,0,0,27
13,2021,1,1,1,a,-10.22,0.8,-35.9,-7.14,-13.54,3.81,0.04,93,92.1,99.7,71,0.49,0,0,-317.3,3,0,0,28
13,2021,2,1,1,a,-13.38,3.3,-37.2,-7.25,-19.02,4.92,0.06,86,85.6,98.6,48.5,1.1,0,0,-375.76,2,0,0,26
13,2021,3,1,1,a,-4.59,15.6,-38.8,3.02,-12.38,8.37,0.11,78.8,78,98,22.6,27.43,19.44,5.96,-169.73,11,4,1,20
13,2021,4,1,1,a,2.67,23.9,-12.9,10.52,-5.07,10.32,0.14,71.4,72.3,96.4,18.9,83.27,55.65,31.88,-3.3,27,11,5,3
13,2021,5,0.3548387096774194,0.3548387096774194,a,3.58,15.6,-10.7,9.52,-3.05,13.82,0.21,60.1,65.5,97.4,27.7,39.54,35.11,27.35,-0.14,10,6,4,1
14,2019,9,0.5666666666666667,0.5666666666666667,a,3.96,12.9,-6.5,9.25,-1.44,6.31,0.07,87.6,86,98,49.7,68.18,63.23,47.8,-0.88,16,11,7,1
14,2019,10,1,1,a,1.36,9.9,-6.5,3.96,-1.05,4.4,0.05,94.1,92.9,99.6,56.5,59.83,44.98,34.32,-17.67,22,8,5,9
14,2019,11,1,1,a,-3.28,5.4,-25.5,-0.9,-6.12,3.39,0.04,96.5,95.7,100,71.8,10.84,3.32,0,-109.19,7,1,0,23
14,2019,12,1,1,a,-3.11,2.8,-24.8,-1.06,-5.89,2.26,0.02,96.8,96.4,99.8,80.8,3.45,0,0,-99.85,4,0,0,27
14,2020,1,1,1,a,-3.52,4.3,-27.7,-0.91,-6.6,3.95,0.04,94.1,93.3,98.8,68.1,9.72,0,0,-118.96,9,0,0,22
14,2020,2,1,1,a,-5.18,3.6,-28.3,-0.97,-10.46,5.12,0.06,91.8,89.7,97.8,53.9,9.36,0,0,-159.52,9,0,0,20
14,2020,3,1,1,a,-3.18,10.3,-25.7,3.06,-11.35,10.07,0.13,78.3,76.7,96.5,34.6,22.82,10.94,0,-121.29,10,3,0,21
14,2020,4,1,1,a,0.01,17.3,-24.2,7.38,-9.06,6.51,0.09,70.3,71.7,95.3,29.3,33.82,9.64,5.14,-33.62,19,2,1,11
14,2020,5,1,1,a,7.27,25.5,-9.1,13.54,-1.5,11.39,0.18,61.7,64,95.6,26.2,225.52,218.01,185.61,0,31,28,20,0
14,2020,6,1,1,a,17.53,32.9,0.1,24.45,6.96,8.92,0.14,59.5,62,96.1,29.6,525.97,525.97,525.97,0,30,30,30,0
14,2020,7,1,1,a,15.49,28.5,2.6,21.43,7.76,8.6,0.11,74.3,75.6,97.6,31.5,480.04,480.04,480.04,0,31,31,31,0
14,2020,8,1,1,a,14.01,28.2,-2,20.54,6.14,4.44,0.06,78.2,78.6,98,46.2,434.22,434.22,434.22,0,31,31,31,0
14,2020,9,1,1,a,9.5,20.5,-3.6,14.58,3.52,5.75,0.07,86.4,86.2,98.3,49,284.86,284.86,280.93,0,30,30,29,0
14,2020,10,1,1,a,5.05,15.4,-4.8,7.19,2.95,3.14,0.03,94,93.5,99.7,66.5,162.91,155.52,149,-6.48,27,19,17,4
14,2020,11,0.9333333333333333,0.9333333333333333,a,0.91,9.6,-12,3.03,-1.27,3.55,0.04,94.4,93.4,99.5,71.7,47.27,32.32,19.34,-21.82,18,6,3,10
14,2020,12,1,1,a,-3.26,3.1,-20.8,-1.49,-5.63,1.93,0.02,95.2,95.4,99.9,87.8,5.72,0,0,-106.87,6,0,0,25
14,2021,1,1,1,a,-10.07,0.8,-35.6,-7.03,-13.47,3.21,0.03,93.1,92.6,99.3,80.9,0.73,0,0,-312.82,3,0,0,28
14,2021,2,1,1,a,-13.7,3.5,-37.6,-8.81,-18.92,4.26,0.05,88.2,87.7,98.6,59.6,1.06,0,0,-384.68,2,0,0,26
14,2021,3,1,1,a,-5.2,16.7,-39.4,2.19,-12.76,7.84,0.1,80.8,79.9,98,26.4,24.61,17.58,5.12,-185.92,8,4,1,23
14,2021,4,1,1,a,2.5,24.9,-12.6,9.48,-4.71,10.03,0.14,73,73.6,96.5,19.8,77.58,53.57,26.9,-2.61,28,11,4,2
14,2021,5,0.3870967741935484,0.3870967741935484,a,4.45,23.5,-10.4,9.45,-1.38,9.77,0.15,64,66.6,97,32.4,53.38,49.04,38.42,-0.01,11,7,4,1
15,2019,9,0.5666666666666667,0.5666666666666667,a,4.36,13.2,-6.8,9.46,-0.75,6.83,0.08,85.5,84.1,97.2,47.6,74.33,66.33,54.75,-0.13,16,11,8,1
15,2019,10,1,1,a,1.52,10.1,-6.6,4.03,-0.91,4.72,0.05,92.9,92,99,58.4,63.61,48.35,34.35,-16.35,23,9,5,8
15,2019,11,1,1,a,-3.12,5.2,-23.6,-0.73,-6.06,3.7,0.04,95.9,95.2,99.8,70.1,11.33,3.32,0,-104.81,7,1,0,23
15,2019,12,0.5483870967741935,0.5483870967741935,a,-4.38,2.9,-24.5,-1.55,-8.61,2.6,0.03,95.8,95.2,99.8,76.5,3.42,0,0,-77.92,4,0,0,13
15,2020,1,1,1,a,-3.41,4.7,-27.9,-0.78,-6.39,4.97,0.05,93.7,93.3,99.9,62.3,11.32,0,0,-117.01,10,0,0,21
15,2020,2,1,1,a,-4.93,3.6,-27.3,-0.58,-9.79,6.31,0.07,92.2,89.6,98.6,43.5,9.55,0,0,-152.64,8,0,0,21
15,2020,3,1,1,a,-2.68,11.7,-23.7,3.71,-10.74,11.7,0.16,77.1,75.1,98,30.2,25.23,12.29,0,-108.41,11,3,0,20
15,2020,4,1,1,a,0.6,14.9,-23.5,8.05,-7.56,8.23,0.12,68.8,69.8,97.2,26,47.15,26.95,10.59,-29.22,20,6,2,10
15,2020,5,1,1,a,7.67,23.9,-8.2,13.87,-0.58,11.61,0.18,59.7,63.3,96.4,22.7,237.75,233.04,213.7,0,31,29,24,0
15,2020,6,1,1,a,17.9,33.4,1.6,24.74,7.92,9.59,0.16,58.2,60.9,96.1,25.5,537.09,537.09,537.09,0,30,30,30,0
15,2020,7,1,1,a,15.79,29.6,5.1,21.62,8.59,9.09,0.12,73.2,75.4,97.6,30.5,489.55,489.55,489.55,0,31,31,31,0
15,2020,8,1,1,a,14.28,29.3,0,21.14,6.87,5.38,0.07,77.7,78.4,97.6,42.9,442.63,442.63,442.63,0,31,31,31,0
15,2020,9,1,1,a,9.59,22,-3.2,14.88,3.86,6.6,0.08,87.5,86.8,98.3,44,287.72,287.72,283.19,0,30,30,29,0
15,2020,10,0.7741935483870968,0.7741935483870968,a,5.36,15.5,-4.5,7.87,2.96,3.6,0.04,94.2,93.7,99.3,65.6,131.87,123.82,120.4,-3.32,22,14,13,2
19,2019,9,0.5666666666666667,0.5666666666666667,a,3.85,13.3,-5.2,8.56,-0.69,5.46,0.06,92.4,91.4,100,58.5,65.57,56.86,52.69,-0.11,16,9,8,1
19,2019,10,1,1,a,1.15,9.8,-6.3,3.3,-1.01,2.38,0.02,99.5,98.5,100,68.8,54.26,39.97,28.75,-18.52,19,7,4,12
19,2019,11,1,1,a,-3.33,5,-23,-1.38,-5.86,1.86,0.02,100,99.2,100,90.1,9.3,3.02,0,-109.29,7,1,0,23
19,2019,12,1,1,a,-3.08,1.6,-21.9,-1.33,-5.49,1.04,0.01,100,99.6,100,90.3,1.71,0,0,-97.19,4,0,0,27
19,2020,1,1,1,a,-3.67,3.1,-24.8,-1.32,-6.34,3.33,0.03,98.9,97.5,100,76.4,5.82,0,0,-119.59,8,0,0,23
19,2020,2,1,1,a,-5.28,3.4,-24.5,-2.13,-9.21,2.55,0.03,96.2,95.8,100,81,6.74,0,0,-159.78,8,0,0,21
19,2020,3,1,1,a,-3.43,10.1,-22.4,1.72,-9.71,10.52,0.13,85,83.8,99.7,40,16.23,0,0,-122.42,10,0,0,21
19,2020,4,1,1,a,-0.18,14,-21.4,5.81,-6.57,7.52,0.1,75.8,76.7,97.4,30.5,28.73,13.57,0,-34.16,19,4,0,11
19,2020,5,1,1,a,6.6,23.9,-5.9,13.8,-1.26,12.62,0.19,64.6,66.5,97.6,22.1,204.46,191.32,159.97,0,31,25,17,0
19,2020,6,1,1,a,17.06,33.6,0.4,25.29,7.77,9.5,0.15,61.2,63.4,96.3,26,511.78,511.78,511.78,0,30,30,30,0
19,2020,7,1,1,a,14.92,30.6,3.9,21.09,8.48,8.04,0.1,78,78.7,96.7,29.4,462.46,462.46,462.46,0,31,31,31,0
19,2020,8,1,1,a,13.68,31,-1.4,20.37,7.13,4.59,0.06,80.2,80.2,96.3,42.5,424.09,424.09,424.09,0,31,31,31,0
19,2020,9,1,1,a,9.02,19.6,-3.5,13.74,4.11,5.01,0.06,90,89.1,98.7,56,270.74,270.74,266.98,0,30,30,29,0
19,2020,10,1,1,a,4.83,13.8,-4.2,6.72,2.77,2.88,0.03,96,95.3,99.8,77.4,156.25,150.05,139.01,-6.43,26,19,16,5
19,2020,11,1,1,a,0.4,9.2,-12.5,2.27,-1.79,3.2,0.03,95.3,95.4,99.6,75.8,41.54,28.88,17.72,-29.42,17,6,3,13
19,2020,12,1,1,a,-3.28,2.5,-17.2,-1.5,-5.41,2.16,0.02,95.1,95.8,99.9,92,4.24,0,0,-106.06,4,0,0,27
19,2021,1,1,1,a,-9.98,0.9,-33.5,-7.17,-13.01,2.63,0.03,93.5,93.2,98.8,84.4,0.47,0,0,-309.78,3,0,0,28
19,2021,2,1,1,a,-13.74,2.3,-34.3,-10.15,-17.77,2.95,0.03,89.6,89.3,98.5,78.1,0.38,0,0,-385.03,1,0,0,27
19,2021,3,1,1,a,-5.32,9.8,-36.5,0.08,-11.15,5.49,0.07,83.1,83.3,98.6,50.9,19.45,11.15,0,-184.37,10,3,0,21
19,2021,4,1,1,a,1.86,16.4,-8.7,7.84,-3.26,9.57,0.13,76.1,76.3,96.3,28.9,58.58,29,0,-2.83,25,7,0,5
19,2021,5,0.3548387096774194,0.3548387096774194,a,3.12,12.6,-8,8.07,-2.12,13.09,0.19,66.9,69.9,96.6,36,34.64,29.86,14.8,-0.27,10,6,2,1
20,2019,9,0.5666666666666667,0.5666666666666667,a,4.43,14.9,-4.8,10.86,-0.79,7.13,0.08,85.3,85,98.5,40.8,75.53,66.78,54.77,-0.17,16,11,8,1
20,2019,10,1,1,a,1.35,10.2,-6.6,4.27,-1.27,4.61,0.05,94.2,93.4,99.7,49.4,59.27,40.82,28.93,-17.52,22,7,4,9
20,2019,11,1,1,a,-3.25,5.2,-22.1,-1.16,-5.87,2.92,0.03,97.3,96.7,100,77.4,9.36,0,0,-106.94,7,0,0,23
20,2019,12,1,1,a,-3.07,2.6,-21.9,-1.13,-5.75,2.07,0.02,98.6,97.9,100,85,2.59,0,0,-97.9,3,0,0,28
20,2020,1,1,1,a,-3.57,4.1,-25.7,-1.07,-6.28,4.43,0.05,97.1,95.4,100,69.7,7.7,0,0,-118.51,9,0,0,22
20,2020,2,1,1,a,-4.7,6.8,-25.9,0.14,-9.39,5.99,0.07,93.7,91.4,99.2,43.2,8.09,0,0,-144.25,8,0,0,21
20,2020,3,1,1,a,-2.39,16.3,-22.8,5.92,-10.32,11.32,0.15,76.9,76,97,24.9,27.02,12.98,0,-101.02,10,3,0,21
20,2020,4,1,1,a,1.18,17.9,-21.3,10.28,-7.16,7.96,0.11,67.8,69.5,96.3,22.2,55.83,33.45,6.35,-20.54,22,8,1,8
20,2020,5,1,1,a,7.63,26.4,-7.2,15.27,-1.35,11.89,0.19,59.3,62.2,96.4,22.7,236.58,234.57,203.28,0,31,30,22,0
20,2020,6,1,1,a,18.05,33.6,1.3,26.21,7.91,9.89,0.16,59.4,61.5,97.9,25.2,541.56,541.56,541.56,0,30,30,30,0
20,2020,7,1,1,a,15.91,32.8,4.3,23.34,8.35,9.61,0.13,74.6,76.4,99.9,26.6,493.26,493.26,493.26,0,31,31,31,0
20,2020,8,1,1,a,14.64,32.1,-1.6,22.83,7.1,5.28,0.07,78,78.9,100,39,453.77,453.77,453.77,0,31,31,31,0
20,2020,9,1,1,a,9.71,24,-3.2,15.98,4.13,7.09,0.08,89,88.4,100,37.2,291.21,291.21,287.04,0,30,30,29,0
20,2020,10,1,1,a,4.95,18,-4.8,7.61,2.6,3.24,0.03,97.2,96.4,100,58,159.7,149.75,141.47,-6.26,28,18,16,3
20,2020,11,1,1,a,0.53,9.1,-11.9,2.55,-1.65,3.92,0.04,97.9,96.4,100,69.5,45.3,31.06,18.7,-29.29,17,6,3,13
20,2020,12,1,1,a,-3.37,2.6,-17.2,-1.47,-5.7,1.41,0.01,98,98,100,93.2,4.71,0,0,-109.07,5,0,0,26
20,2021,1,1,1,a,-9.97,0.9,-34.2,-7.02,-13.17,3.7,0.04,96,94.8,100,82.6,0.67,0,0,-309.68,3,0,0,28
20,2021,2,1,1,a,-13.3,3.5,-35.1,-8.65,-18.3,3.92,0.04,91.4,90.4,100,66.9,0.63,0,0,-373.11,1,0,0,27
20,2021,3,1,1,a,-4.01,18.5,-36.6,4.76,-11.53,8.8,0.11,79.3,79.3,99,21.8,32.38,21.93,12.18,-156.78,12,4,2,19
20,2021,4,1,1,a,3.19,25.1,-10.6,11.86,-4.15,10.94,0.15,72.5,73.3,97.8,18.7,97.55,69.08,39.38,-1.72,29,14,6,1
20,2021,5,0.3548387096774194,0.3548387096774194,a,4.08,16.1,-9.2,10.7,-2.87,15.08,0.23,58.1,65.7,98.1,23.7,44.87,39.19,26.82,0,11,7,4,0
21,2019,9,0.5666666666666667,0.5666666666666667,a,3.97,10.5,-3.3,7.65,0.11,5.3,0.06,89.7,88.8,98.5,58.7,67.42,58.7,51.33,0,17,10,8,0
21,2019,10,1,1,a,1.09,9.4,-6.3,3.12,-0.91,3.72,0.04,97.1,96.1,100,63.2,52.62,32.62,27.83,-18.81,18,5,4,13
21,2019,11,1,1,a,-3.23,4.7,-21.8,-1.37,-5.57,2.67,0.03,98.7,97.7,100,85.3,7.32,0,0,-104.28,6,0,0,24
21,2019,12,1,1,a,-3.05,1.5,-19.7,-1.43,-5.28,2.17,0.02,99.5,98.5,100,85.5,1.17,0,0,-95.8,3,0,0,28
21,2020,1,1,1,a,-3.62,3.5,-23.9,-1.45,-6.07,4.06,0.04,98.7,96.9,100,74.4,5.08,0,0,-117.42,7,0,0,24
21,2020,2,1,1,a,-5.04,2.7,-23.2,-2.28,-8.54,3.4,0.04,95.7,95.5,100,81.1,5.61,0,0,-151.78,8,0,0,21
21,2020,3,1,1,a,-3.38,8,-22.1,1.15,-9.24,11.75,0.14,85.1,83.1,100,38.1,14.7,0,0,-119.59,10,0,0,21
21,2020,4,1,1,a,-0.2,11.4,-20.3,4.59,-5.54,8.58,0.11,75,76.3,98.9,33.1,26.77,13.26,0,-32.87,17,4,0,13
21,2020,5,1,1,a,6.57,23.6,-5.2,12.56,-0.2,13.83,0.21,63,66.2,99.1,26.9,203.76,194.45,145.69,0,31,26,14,0
21,2020,6,1,1,a,16.54,29.1,2.9,22.58,9.2,10.28,0.16,63.3,65.5,98.6,29.5,496.28,496.28,496.28,0,30,30,30,0
21,2020,7,1,1,a,14.41,26.6,5.6,18.76,9.45,8.97,0.11,81.8,84,100,35.3,446.79,446.79,446.79,0,31,31,31,0
21,2020,8,1,1,a,13.34,24.3,-0.3,18.06,8.19,5.18,0.06,85.4,85.8,99.6,52.8,413.58,413.58,413.58,0,31,31,31,0
21,2020,9,1,1,a,9.08,18.1,-2.4,12.89,5.09,5.18,0.06,94.1,92.4,99.5,55.5,272.48,272.48,268.45,0,30,30,29,0
21,2020,10,1,1,a,4.72,13.2,-4.4,6.44,2.91,2.48,0.03,96.9,96.5,99.7,76.9,153.07,144.84,137.58,-6.66,26,18,16,5
21,2020,11,1,1,a,0.36,8.7,-10.4,2.1,-1.63,3.35,0.03,97.3,96.5,100,71.1,39.58,28.79,17.51,-28.68,17,6,3,13
21,2020,12,1,1,a,-3.37,2.1,-13.8,-1.69,-5.23,1.48,0.02,96.3,96.8,100,92.9,3.08,0,0,-107.62,4,0,0,27
21,2021,1,1,1,a,-9.66,0.8,-31.7,-7.1,-12.32,3.27,0.03,95.3,94,99,82.1,0.66,0,0,-300.21,3,0,0,28
21,2021,2,1,1,a,-13.41,1.9,-32,-10.3,-17.04,3.09,0.03,91.8,91.4,98.9,79.5,0.33,0,0,-375.82,1,0,0,27
21,2021,3,1,1,a,-5.12,9.4,-34.9,-0.28,-10.61,6.27,0.07,85.9,85.7,98.2,44.7,17.98,7.88,0,-176.77,10,2,0,21
21,2021,4,1,1,a,1.77,12.5,-7.8,6.19,-2.71,10.78,0.14,79.7,79,97.5,32.6,55.53,24.42,0,-2.48,26,6,0,4
21,2021,5,0.3548387096774194,0.3548387096774194,a,2.76,13.3,-7.2,7.58,-1.95,14.55,0.21,66.8,69.9,97.4,33,30.4,23.73,12.65,0,11,5,2,0
22,2019,9,0.5666666666666667,0.5666666666666667,a,4.41,13.9,-6.1,9.64,-0.43,6.2,0.07,86.7,86.2,98.4,49.8,74.93,66.8,55.18,0,17,11,8,0
22,2019,10,1,1,a,1.47,10.3,-6.5,4.19,-0.88,4.45,0.05,94,93.1,99.5,54.8,62.23,45.47,34.3,-16.77,22,8,5,9
22,2019,11,1,1,a,-3.15,5.7,-23.7,-0.62,-6.06,2.71,0.03,93,92.7,97.8,57.2,10.79,3.29,0,-105.37,7,1,0,23
22,2019,12,1,1,a,-3.05,2.8,-24.4,-1.07,-5.8,2.31,0.03,92.7,92.4,96.3,77.8,3.17,0,0,-97.66,4,0,0,27
22,2020,1,1,1,a,-3.48,4.4,-26.5,-0.9,-6.41,4.59,0.05,89.6,89.1,95.4,59.8,9.6,0,0,-117.33,9,0,0,22
22,2020,2,1,1,a,-4.81,4.6,-26.4,-0.1,-9.84,6.61,0.08,87.3,84.7,94.5,39.3,9.45,0,0,-149.07,8,0,0,21
22,2020,3,1,1,a,-2.56,13.4,-22.8,4.07,-10.56,9.75,0.13,74,72.4,93,31.8,28.3,13.47,0,-107.76,11,3,0,20
22,2020,4,1,1,a,0.44,18.5,-23.8,7.9,-7.82,6.65,0.1,66.6,68.7,92.5,28.2,39.78,20.73,10.51,-26.68,22,5,2,8
22,2020,5,1,1,a,7.72,25.6,-8.3,13.78,-0.68,11.17,0.18,59.2,62.3,93.2,26.6,239.21,237.24,208.9,0,31,30,23,0
22,2020,6,1,1,a,18.08,32.7,2,25.11,8.26,10.15,0.16,58.9,61.6,99.7,28.3,542.31,542.31,542.31,0,30,30,30,0
22,2020,7,1,1,a,16.23,28.8,6.2,22.05,9.48,9.83,0.13,76,77,100,30.5,502.98,502.98,502.98,0,31,31,31,0
22,2020,8,1,1,a,14.64,30.6,0.2,21.42,7.71,5.62,0.07,79.1,80.4,100,43.2,453.96,453.96,453.96,0,31,31,31,0
22,2020,9,1,1,a,9.85,22.2,-2.4,15.34,4.37,6.82,0.08,89.3,89.1,100,44.5,295.47,295.47,290.89,0,30,30,29,0
22,2020,10,1,1,a,5.11,16.2,-4.4,7.42,2.84,3.35,0.03,98.1,97,100,64.7,164.21,155.97,149.33,-5.78,28,19,17,3
22,2020,11,0.1,0.1,a,4.22,9.8,-0.8,6.27,1.77,2.76,0.03,99.3,97.8,100,84.6,12.67,7.84,7.84,0,3,1,1,0
23,2019,9,0.5666666666666667,0.5666666666666667,a,3.93,13.4,-7.1,9.6,-1.92,6.86,0.08,88.8,87.8,100,47.9,68.02,62.6,47.41,-1.16,16,11,7,1
23,2019,10,1,1,a,1.29,9.9,-6.6,4.02,-1.27,4.54,0.05,96.7,95.2,100,56.8,58.64,44.53,34.19,-18.52,21,8,5,10
23,2019,11,1,1,a,-3.33,5.5,-26.2,-0.66,-6.35,3.06,0.03,96.5,96,100,58.8,10.43,3.25,0,-110.28,7,1,0,23
23,2019,12,1,1,a,-3.11,2.7,-24.5,-1.14,-5.92,2.31,0.02,94.3,94.1,98.9,75.2,3.14,0,0,-99.66,4,0,0,27
23,2020,1,1,1,a,-3.52,4.6,-27.3,-0.95,-6.51,4.92,0.05,90.4,89.5,97.1,60.2,9.44,0,0,-118.69,9,0,0,22
23,2020,2,1,1,a,-5.08,3.9,-27.9,-0.57,-10.36,5.37,0.06,86.8,85,95,46.3,9.02,0,0,-156.21,8,0,0,21
23,2020,3,1,1,a,-3.02,13.2,-25.8,3.84,-11.47,9.53,0.13,73,72.1,93,32.3,25,12.12,0,-118.65,11,3,0,20
23,2020,4,1,1,a,0.11,16.8,-23.6,7.63,-8.56,6.11,0.09,66.5,67.7,91.7,26.5,36.3,16.81,5.5,-33.14,20,4,1,10
23,2020,5,1,1,a,6.99,25.7,-9.4,13.88,-2.15,9.58,0.16,59.6,61.6,92,21.9,216.78,204.74,171.39,0,31,26,18,0
23,2020,6,1,1,a,17.39,32.7,-1,24.95,7.04,7.64,0.13,57.7,59.3,91.6,27.4,521.76,521.76,521.76,0,30,30,30,0
23,2020,7,1,1,a,15.34,29.2,2.1,21.88,7.23,7.09,0.1,70.1,71.3,93.7,30.8,475.56,475.56,475.56,0,31,31,31,0
23,2020,8,1,1,a,13.98,28.6,-2.7,21.37,5.82,4.11,0.06,74.2,74.6,95,43.3,433.42,433.42,433.42,0,31,31,31,0
23,2020,9,1,1,a,9.42,22.5,-5.4,15.33,3.15,5.39,0.07,82.8,82,96.3,44.5,282.74,282.74,279.11,0,30,30,29,0
23,2020,10,0.7741935483870968,0.7741935483870968,a,5.2,16.4,-4.9,7.82,2.78,3.69,0.04,88.8,88.3,97.4,60.6,129.16,123.48,120.12,-4.29,20,14,13,4
24,2019,9,0.5666666666666667,0.5666666666666667,a,4.53,13,-5.6,8.91,-0.11,6.86,0.08,87.1,86.4,99.2,48.1,77.08,67.85,55.08,0,17,11,8,0
24,2019,10,1,1,a,1.55,9.7,-6.7,3.79,-0.6,4.36,0.05,94.7,93.6,100,60.7,64.01,51.23,33.89,-15.92,23,10,5,8
24,2019,11,1,1,a,-3.09,5.2,-22.8,-0.61,-5.92,2.76,0.03,96.8,96.2,100,76.4,10.83,3.14,0,-103.59,7,1,0,23
24,2019,12,1,1,a,-2.92,2.7,-24.2,-0.74,-5.94,2.45,0.03,96.1,95.6,99.9,76.8,4.68,0,0,-95.06,10,0,0,21
24,2020,1,1,1,a,-3.43,4.4,-26.5,-0.91,-6.32,4.67,0.05,91.3,91.2,98.4,62.7,10.28,0,0,-116.5,10,0,0,21
24,2020,2,1,1,a,-5.02,3.5,-26.4,-0.41,-9.53,5.35,0.06,89.3,87.3,96.2,49.2,8.62,0,0,-154.06,8,0,0,21
24,2020,3,1,1,a,-3.06,8.1,-23.2,2.37,-10.17,9.92,0.13,75.8,74.8,95.2,36.7,19.6,3.61,0,-114.4,10,1,0,21
24,2020,4,1,1,a,-0.12,10.8,-23,5.34,-7.22,7.28,0.1,69.6,70.4,94.7,32.4,30.95,15.21,0,-34.43,16,4,0,14
24,2020,5,1,1,a,6.92,23.3,-6.7,12.1,-0.04,11.1,0.18,60.2,63.2,95,25.9,214.64,205.18,163.31,0,31,27,17,0
24,2020,6,1,1,a,17.36,31.8,1.4,23.28,8.89,8.59,0.14,59,60.6,94,31.8,520.89,520.89,520.89,0,30,30,30,0
24,2020,7,1,1,a,15.4,26.6,4.3,20.16,9.18,7.82,0.11,71.5,73.2,95.6,31.7,477.42,477.42,477.42,0,31,31,31,0
24,2020,8,1,1,a,14.15,27,0.6,19.88,7.94,4.78,0.06,76.5,76.1,96.9,44,438.7,438.7,438.7,0,31,31,31,0
24,2020,9,1,1,a,9.58,19.8,-2.3,14.25,4.57,5.61,0.07,84.3,83.6,97.4,46.6,287.52,287.52,282.87,0,30,30,29,0
24,2020,10,0.7741935483870968,0.7741935483870968,a,5.38,14.7,-4.3,7.42,3.2,3.75,0.04,90,89.8,98.7,66,131.92,123.98,120.65,-2.83,21,14,13,3
25,2019,9,0.5666666666666667,0.5666666666666667,a,4.05,12.4,-4.3,8.41,-0.09,6.3,0.07,87.8,86.8,98.2,53.4,68.91,60.67,53.21,0,17,10,8,0
25,2019,10,1,1,a,1.23,9.5,-6.6,3.52,-0.9,4.48,0.05,94.5,93.7,99.4,61.7,56.96,40.91,28.73,-18.84,21,7,4,10
25,2019,11,1,1,a,-3.27,5.5,-21.6,-1.35,-5.83,2.67,0.03,96.6,96.3,99.5,85,9.61,3.17,0,-107.69,6,1,0,24
25,2019,12,1,1,a,-3.07,2.3,-22.3,-1.27,-5.57,2.2,0.02,96.5,95.7,99.2,85.6,2.33,0,0,-97.62,3,0,0,29
25,2020,1,1,1,a,-3.58,3.5,-25.5,-1.15,-6.29,3.68,0.04,93.9,93,98.5,76,7.83,0,0,-118.91,8,0,0,23
25,2020,2,1,1,a,-5.19,3.6,-25.2,-1.9,-9.2,3.53,0.04,90.5,90.3,98.6,70,8.07,0,0,-158.48,8,0,0,21
25,2020,3,1,1,a,-3.15,10.9,-22.1,2.25,-9.59,10.61,0.14,78.3,77.4,97.9,35.3,20.84,10.44,0,-118.47,10,3,0,21
25,2020,4,1,1,a,-0.26,11.7,-21.5,5.05,-6.48,7.72,0.11,72,72.9,97.4,34.9,27.6,14.73,0,-35.48,15,4,0,15
25,2020,5,1,1,a,6.78,22,-5.8,12.39,-0.38,11.61,0.18,61.2,64.2,96.4,26.4,210.18,198.96,160.27,0,31,26,17,0
25,2020,6,1,1,a,17.18,31.8,2.4,23.73,8.97,9.43,0.15,58.7,61,95.8,29,515.34,515.34,515.34,0,30,30,30,0
25,2020,7,1,1,a,15.11,26.8,5.6,19.91,9.2,8.44,0.11,73.8,75.2,97.1,37.5,468.37,468.37,468.37,0,31,31,31,0
25,2020,8,1,1,a,13.95,27.8,-0.1,19.75,7.73,4.98,0.06,76.5,77.1,96.1,45.1,432.59,432.59,432.59,0,31,31,31,0
25,2020,9,1,1,a,9.37,20.4,-2.4,14.28,4.5,5.59,0.07,85.3,85.5,97.6,47.4,281,281,276.73,0,30,30,29,0
25,2020,10,1,1,a,4.88,14.1,-4.5,6.77,2.84,3.43,0.04,92.4,92.1,99,67.9,158.22,152.18,145.76,-6.9,25,19,17,6
25,2020,11,0.1,0.1,a,4.12,9.1,-0.9,5.97,1.7,3.88,0.04,95.1,93,98.5,80.1,12.35,7.74,7.74,0,3,1,1,0
26,2019,9,0.5666666666666667,0.5666666666666667,a,4.06,10.8,-4.1,7.78,0.11,5.83,0.07,87.4,86.4,97.4,56.4,68.95,60.34,52.55,-0,16,10,8,1
26,2019,10,1,1,a,1.34,9.6,-6.3,3.42,-0.64,4.04,0.04,95.1,93.7,99.3,61.6,58.45,44.33,28.75,-17.05,22,8,4,9
26,2019,11,0.36666666666666664,0.36666666666666664,a,-6.75,0.4,-21.8,-4.11,-10.89,3.18,0.03,94.5,93.8,99.1,81.8,0,0,0,-74.2,0,0,0,11
26,2019,12,1,1,a,-2.95,1.8,-21.3,-1.21,-5.3,2.22,0.02,95.7,94.9,98.6,78.8,2.43,0,0,-93.84,4,0,0,27
26,2020,1,1,1,a,-3.39,4,-24.4,-1.18,-5.96,3.55,0.04,91.8,91.5,96.6,73.2,8.64,0,0,-113.77,10,0,0,21
26,2020,2,1,1,a,-5.01,3.3,-23.7,-1.9,-8.81,3.23,0.04,89.7,89.3,95.4,73.8,7.82,0,0,-153.23,8,0,0,21
26,2020,3,1,1,a,-3.19,7.8,-21.2,1.14,-8.98,10.08,0.13,79.6,78.1,95.1,39.9,18.53,3.55,0,-117.45,10,1,0,21
26,2020,4,1,1,a,-0.38,10,-20.4,4.13,-5.68,7.42,0.1,72.6,73,93.1,37.9,24.35,10.56,0,-35.82,15,3,0,15
26,2020,5,1,1,a,6.63,21.9,-5.5,11.91,0.37,11.62,0.18,62,64.3,93.7,24.6,205.58,198.42,158.21,0,31,27,17,0
26,2020,6,1,1,a,16.69,29,2.6,22.16,9.52,8.83,0.14,60.4,61.9,93.9,32.5,500.78,500.78,500.78,0,30,30,30,0
26,2020,7,1,1,a,14.63,26.6,5.8,19.09,9.45,8.11,0.1,75.6,77.8,96.1,33.6,453.42,453.42,453.42,0,31,31,31,0
26,2020,8,1,1,a,13.71,26.5,-0.1,18.48,8.42,4.68,0.06,80.4,80.2,95.7,50.6,425.15,425.15,425.15,0,31,31,31,0
26,2020,9,1,1,a,9.41,18.7,-2.1,13.51,5.19,5.4,0.06,89.2,88.4,98.6,54.5,282.38,282.38,278.49,0,30,30,29,0
26,2020,10,1,1,a,4.97,14.1,-4.2,6.77,3.09,3.08,0.03,95.1,95.1,100,73.9,160.61,153.7,142.22,-6.47,26,19,16,5
26,2020,11,0.13333333333333333,0.13333333333333333,a,3.99,8.8,-1.1,5.6,2.02,2.43,0.03,97.1,96.4,100,88,15.97,11.58,7.09,0,4,2,1,0
28,2019,9,0.5666666666666667,0.5666666666666667,a,3.97,15.6,-7.9,10.03,-2.19,7.1,0.08,86.8,85.6,98.6,44.9,68.35,60.38,48.83,-0.91,16,10,7,1
28,2019,10,1,1,a,1.24,9.8,-6.5,3.98,-1.45,4.56,0.05,94.5,93.6,99.9,50.7,57.89,44.38,29.04,-19.54,19,8,4,12
28,2019,11,1,1,a,-3.47,5.8,-25.5,-1.01,-6.23,3.53,0.04,97.6,96.7,100,63.1,10.68,3.62,0,-114.68,7,1,0,23
28,2019,12,1,1,a,-3.21,2.8,-24.6,-1.21,-6,2.03,0.02,99.2,98.2,100,83,2.95,0,0,-102.41,4,0,0,27
28,2020,1,1,1,a,-3.66,4.3,-27.7,-1,-6.63,4.49,0.05,97.3,95.7,100,70.3,8.8,0,0,-122.27,9,0,0,22
28,2020,2,1,1,a,-5.02,5.5,-27.4,-0.18,-10.38,7.9,0.09,94.2,91.5,100,40.4,8.51,0,0,-154.2,8,0,0,21
28,2020,3,1,1,a,-2.47,14.4,-24.3,5.09,-10.89,12.53,0.17,77.4,75.5,99.1,23.6,27.47,16.31,0,-104.16,11,4,0,20
28,2020,4,1,1,a,0.63,17.5,-24,9.16,-8.77,8.07,0.12,68.6,70,98.2,23.7,47.25,25.62,11.17,-28.25,20,6,2,10
28,2020,5,1,1,a,7.46,25.7,-7.8,15.4,-2.33,12.41,0.2,60.5,63,98.1,18.4,231.31,224.18,183.52,0,31,28,18,0
28,2020,6,1,1,a,17.72,34.7,-1.1,26.57,6.65,9.66,0.16,57.9,61.6,99.1,22.4,531.62,531.62,531.62,0,30,30,30,0
28,2020,7,1,1,a,15.5,29.9,1.8,22.43,7.49,9.34,0.12,74.9,76.9,100,23.8,480.64,480.64,480.64,0,31,31,31,0
28,2020,8,1,1,a,14.35,31.2,-2.7,22.35,6.1,5.59,0.07,78.1,78.9,99.8,37.8,444.8,444.8,444.8,0,31,31,31,0
28,2020,9,1,1,a,9.59,24.9,-4.9,15.79,3.41,7.34,0.08,88.4,88.2,100,40.6,287.8,287.8,284,0,30,30,29,0
28,2020,10,1,1,a,4.93,17.7,-4.6,7.45,2.33,3.51,0.04,97,96.4,100,60.4,159.84,150.75,147.43,-6.91,26,18,17,5
28,2020,11,1,1,a,0.48,9.5,-14.3,2.49,-1.89,4,0.04,98.7,96.8,100,71.2,45.75,31.39,18.66,-31.32,18,6,3,12
28,2020,12,1,1,a,-3.35,3,-20.6,-1.44,-5.9,1.31,0.01,99.1,98.7,100,91.8,5.22,0,0,-109.04,4,0,0,27
28,2021,1,1,1,a,-10.33,0.9,-36.3,-7.2,-13.85,4.36,0.05,96.6,95.3,100,81.4,0.62,0,0,-320.79,3,0,0,28
28,2021,2,1,1,a,-13.69,4,-37.2,-8.14,-19.19,5.47,0.06,89.9,89.4,100,47.7,0.58,0,0,-383.95,2,0,0,26
28,2021,3,1,1,a,-4.37,16.9,-39,4.31,-12.79,10.09,0.13,79.7,79.2,100,24.8,32.42,21.82,12.18,-167.79,12,4,2,19
28,2021,4,1,1,a,2.79,22.2,-12.5,10.54,-4.73,11.55,0.16,74.1,74.5,99,20.9,85.9,54.7,42.43,-2.19,27,10,7,3
28,2021,5,0.3548387096774194,0.3548387096774194,a,3.7,15.5,-9.7,9.85,-2.97,14.65,0.22,62,66.7,98.9,27.8,40.72,35.02,27.45,0,11,6,4,0
29,2019,9,0.5666666666666667,0.5666666666666667,a,3.82,10.7,-4.1,7.75,-0.29,5.78,0.06,90.2,89.2,99.9,56.7,65.13,57.99,50.88,-0.22,16,10,8,1
29,2019,10,1,1,a,1.03,9.5,-6.6,3.18,-1.08,3.67,0.04,98,96.5,100,64.6,52.06,32.74,28,-20.08,18,5,4,13
29,2019,11,1,1,a,-3.42,4.8,-22.9,-1.53,-5.93,2.25,0.02,98.6,97.9,100,84.5,6.56,0,0,-109.29,5,0,0,25
29,2019,12,1,1,a,-3.19,1.9,-21.1,-1.47,-5.58,1.82,0.02,97,96.6,100,86.3,1.57,0,0,-100.59,2,0,0,29
29,2020,1,1,1,a,-3.72,3.4,-25.1,-1.4,-6.31,3.29,0.03,95,94.2,99.1,74.8,5.59,0,0,-120.89,7,0,0,24
29,2020,2,1,1,a,-5.29,3.1,-24.9,-2.28,-9.04,2.27,0.02,92.4,92.4,98.1,77.9,6.17,0,0,-159.51,8,0,0,21
29,2020,3,1,1,a,-3.55,9.3,-23,1.47,-9.89,10.26,0.13,82.4,80.9,96.9,39.5,15.78,3.1,0,-125.93,10,1,0,21
29,2020,4,1,1,a,-0.29,12.2,-21,5.01,-6.21,7.69,0.1,74.3,74.8,95.9,30.8,27.06,14.16,0,-35.67,17,4,0,13
29,2020,5,1,1,a,6.33,22.9,-6,11.91,-0.71,12.32,0.19,63.5,66,96.8,25.6,196.09,187.58,139.92,0,31,26,14,0
29,2020,6,1,1,a,16.53,30,1.1,22.64,8.72,9.89,0.15,63,64.7,98.1,32.3,496.01,496.01,496.01,0,30,30,30,0
29,2020,7,1,1,a,14.38,25.5,5.6,18.87,9.03,8.54,0.1,80,81.8,100,32.8,445.62,445.62,445.62,0,31,31,31,0
29,2020,8,1,1,a,13.27,24,-0.8,18.12,7.83,4.73,0.06,83.5,83.6,98.7,51.5,411.5,411.5,411.5,0,31,31,31,0
29,2020,9,1,1,a,8.94,18.6,-2.9,13.16,4.52,5.29,0.06,91.6,91,100,51.7,268.08,268.08,264.22,0,30,30,29,0
29,2020,10,1,1,a,4.65,13.3,-4.3,6.52,2.77,2.47,0.03,97,96.6,100,78.8,151.05,143.42,136.14,-6.84,26,18,16,5
29,2020,11,1,1,a,0.33,8.6,-10.2,2.14,-1.75,3.43,0.04,96.9,96.2,100,74.8,39.85,28.92,17.54,-29.94,16,6,3,14
29,2020,12,1,1,a,-3.48,2.5,-15.2,-1.7,-5.45,1.48,0.02,97.4,97.6,100,93.5,3.85,0,0,-111.77,4,0,0,27
29,2021,1,1,1,a,-9.99,0.7,-33.3,-7.26,-12.87,3.03,0.03,95.1,94.6,100,83.5,0.74,0,0,-310.42,3,0,0,28
29,2021,2,1,1,a,-13.75,1.9,-33.9,-10.44,-17.71,2.63,0.03,90.9,90.9,99.9,79.6,0.38,0,0,-385.32,1,0,0,27
29,2021,3,1,1,a,-5.54,9.6,-37,-0.26,-11.42,5.97,0.07,84.4,83.4,98.2,51.8,16.87,7.92,0,-188.63,10,2,0,21
29,2021,4,1,1,a,1.64,14.5,-8.1,6.84,-3.28,9.25,0.12,75.2,76,96.9,33,52.27,15.78,0,-3.16,26,4,0,4
29,2021,5,0.3548387096774194,0.3548387096774194,a,2.57,12.1,-7.6,7.2,-2.19,12.97,0.19,64.2,69.4,97.6,34.3,28.68,17.51,8,-0.44,10,3,1,1
30,2019,9,0.5666666666666667,0.5666666666666667,a,4.32,14.6,-7.1,10.07,-0.99,6.91,0.08,87.7,86.3,99.5,47.2,73.56,65.56,54.47,-0.1,16,11,8,1
30,2019,10,1,1,a,1.5,10.9,-6.6,4.15,-0.97,4.67,0.05,95.2,94.1,100,59.1,62.85,48.26,34.22,-16.46,22,9,5,9
30,2019,11,1,1,a,-3.14,5.4,-23.6,-0.56,-6.12,3.44,0.04,98.2,97.1,100,62.1,11.03,3.28,0,-105.11,7,1,0,23
30,2019,12,1,1,a,-2.9,2.7,-24.3,-0.77,-5.85,2.07,0.02,98.8,98.3,100,80.4,4.67,0,0,-94.63,10,0,0,21
30,2020,1,1,1,a,-3.46,4.2,-27.4,-0.87,-6.46,4.53,0.05,96.2,95.3,100,65.2,10.26,0,0,-117.64,10,0,0,21
30,2020,2,1,1,a,-4.86,4,-27.2,-0.37,-9.67,5.97,0.07,94.3,91.7,99.9,48.7,9.45,0,0,-150.32,9,0,0,20
30,2020,3,1,1,a,-2.63,13.5,-24.6,4.18,-11.02,11.83,0.15,78.7,76.7,99.3,30.3,26.73,12.65,0,-108.31,11,3,0,20
30,2020,4,1,1,a,0.72,14.6,-23.5,8.49,-7.63,8.66,0.12,70,71.1,98.6,24,49.28,30.89,15.81,-27.61,20,7,3,10
30,2020,5,1,1,a,7.36,24.8,-8.8,14.05,-1.48,12.15,0.19,60.8,64.5,99.1,24.6,228.27,226.16,191.47,0,31,30,21,0
30,2020,6,1,1,a,17.67,32.2,1.1,25.05,7.3,9.61,0.15,59.9,62.8,98.8,27.6,530.23,530.23,530.23,0,30,30,30,0
30,2020,7,1,1,a,15.64,31.3,3.9,21.99,8.02,8.75,0.11,75.8,77.2,99.9,31.9,484.93,484.93,484.93,0,31,31,31,0
30,2020,8,1,1,a,14.26,29,-1.3,21.75,6.48,5.14,0.06,79.1,79.8,100,43.1,441.99,441.99,441.99,0,31,31,31,0
30,2020,9,1,1,a,9.49,22.7,-3.8,15.43,3.66,6.53,0.07,89.6,88.8,100,44.5,284.81,284.81,280.52,0,30,30,29,0
30,2020,10,0.7741935483870968,0.7741935483870968,a,5.27,16.4,-4.5,7.9,2.71,3.22,0.03,96.2,95.6,100,64.9,130.04,121.87,118.47,-3.48,22,14,13,2
31,2019,9,0.5666666666666667,0.5666666666666667,a,4.55,11.9,-2.5,8.04,1.16,6.4,0.07,87.3,86.8,97.2,56.6,77.36,63.17,54.71,0,17,10,8,0
31,2019,10,1,1,a,1.52,9.5,-6.5,3.48,-0.37,3.43,0.04,95.2,94.3,99.5,66.2,62.08,44.84,28.63,-15.08,24,8,4,7
31,2019,11,1,1,a,-3.03,3.6,-20.8,-1.12,-5.43,2.7,0.03,96.6,96,99.6,81.6,9.13,0,0,-100.07,7,0,0,23
31,2019,12,1,1,a,-2.66,2.4,-21,-0.78,-4.98,2.3,0.02,95.4,95.1,98.4,81.2,4.56,0,0,-86.88,10,0,0,21
31,2020,1,1,1,a,-3.16,3.9,-23.9,-0.91,-5.51,4.01,0.04,90.9,91.1,96.8,70.6,10.05,0,0,-107.88,11,0,0,20
31,2020,2,1,1,a,-4.87,3,-24,-1.86,-8.25,3.8,0.04,89.9,89.3,96.2,70.2,7.69,0,0,-148.83,8,0,0,21
31,2020,3,1,1,a,-3.07,8,-20.3,1.08,-8.5,10.53,0.14,77.9,77.5,95.4,40.3,18.42,3.68,0,-113.58,10,1,0,21
31,2020,4,1,1,a,-0.26,11,-20.2,3.44,-5.14,7.25,0.1,72.3,72.8,93.5,38.1,25.58,14.2,0,-33.38,17,4,0,13
31,2020,5,1,1,a,6.93,22.1,-5.2,12.07,0.74,12.12,0.19,60.6,62.3,93.7,25.1,214.76,206.9,170.61,0,31,27,18,0
31,2020,6,1,1,a,17.06,30.7,3.7,22.76,10.33,9.29,0.15,60.3,60.8,93.9,29.3,511.77,511.77,511.77,0,30,30,30,0
31,2020,7,1,1,a,14.96,26.2,7.4,19.35,10.33,8.21,0.11,75.6,76.6,95.3,36.1,463.91,463.91,463.91,0,31,31,31,0
31,2020,8,1,1,a,14.02,26.6,1.4,18.79,9.26,4.96,0.06,79.8,79.3,96.1,48.1,434.69,434.69,434.69,0,31,31,31,0
31,2020,9,1,1,a,9.56,18.7,0.7,13.45,5.86,6.07,0.07,88.6,88,98.2,52.1,286.89,286.89,286.89,0,30,30,30,0
31,2020,10,1,1,a,5.03,13.6,-4,6.76,3.3,2.87,0.03,94.3,94.7,99.9,75.4,161.18,152.25,141,-5.19,28,19,16,3
31,2020,11,1,1,a,0.8,9.1,-8.8,2.53,-1.02,4.3,0.05,95.1,94.1,100,68.8,46.8,32.61,19.42,-22.94,18,6,3,12
31,2020,12,1,1,a,-3.18,2.7,-15.8,-1.45,-5.18,2.05,0.02,96.1,96.5,100,88.2,4.68,0,0,-103.28,5,0,0,26
31,2021,1,1,1,a,-9.83,0.9,-32.5,-7.13,-12.7,4.18,0.04,94.4,93.4,100,80.8,0.42,0,0,-305.13,3,0,0,28
31,2021,2,1,1,a,-13.49,1.9,-34.7,-10.32,-17.35,3.65,0.04,90.2,90.2,99.7,79.2,0.72,0,0,-378.43,2,0,0,26
31,2021,3,1,1,a,-5.07,8.3,-35.9,-0.53,-10.17,7.04,0.08,84,83.4,97.5,37,20.27,14.26,0,-177.56,9,4,0,22
31,2021,4,1,1,a,1.83,12.9,-6.7,5.92,-2.32,10.43,0.13,78.2,77.3,96.3,33.8,57.08,28.02,0,-2.03,26,7,0,4
31,2021,5,1,1,a,8.47,28.2,-5.5,13.16,3.69,12.85,0.17,74.4,74,97.4,31.2,262.68,250.27,236.54,-0.27,30,23,20,1
31,2021,6,1,1,a,17.77,32.8,2.6,23.4,10.83,10.89,0.16,67.2,67,97.5,31.8,533.06,533.06,533.06,0,30,30,30,0
31,2021,7,1,1,a,19.19,31.3,5.6,24.49,12.74,7.06,0.1,67.7,68.4,97.5,37.8,594.78,594.78,594.78,0,31,31,31,0
31,2021,8,1,1,a,13.14,22,2,17.47,8.83,8.59,0.1,90.7,87.6,100,43.8,407.3,407.3,407.3,0,31,31,31,0
31,2021,9,1,1,a,6.21,15.5,-3,9.93,2.63,5.27,0.06,89.5,89.7,100,55,186.22,181.53,160.97,0,30,28,23,0
31,2021,10,0.1935483870967742,0.1935483870967742,a,7.82,13,3.7,10.57,5.9,5.07,0.06,90.9,91.7,100,67.3,46.93,46.93,46.93,0,6,6,6,0
32,2019,9,0.5666666666666667,0.5666666666666667,a,4.2,13.8,-6.9,9.42,-0.93,6.58,0.08,86,85.5,98.1,49.4,71.68,64.67,54.07,-0.32,16,11,8,1
32,2019,10,1,1,a,1.31,9.9,-6.7,3.92,-1.13,4.17,0.05,93.7,92.6,99,58.4,59.33,44.92,34.28,-18.72,20,8,5,11
32,2019,11,1,1,a,-3.25,5.3,-23.1,-0.92,-6.23,2.98,0.03,93.2,93.1,98,64.9,10.42,3.39,0,-107.94,7,1,0,23
32,2019,12,1,1,a,-3.09,2.7,-24.5,-1.12,-5.9,2.29,0.02,92.3,91.9,96.6,73.6,2.99,0,0,-98.63,4,0,0,27
32,2020,1,1,1,a,-3.52,4.4,-27.4,-0.95,-6.47,4.43,0.05,88.2,88.3,95.4,62.9,9.32,0,0,-118.54,10,0,0,21
32,2020,2,1,1,a,-4.92,3.7,-27.3,-0.71,-9.59,5.94,0.07,86.8,84.8,95,46.8,8.77,0,0,-151.44,8,0,0,21
32,2020,3,1,1,a,-2.87,9.9,-23.8,3.16,-10.81,9.74,0.13,73.8,72.4,92.8,33,22.88,11.18,0,-111.77,10,3,0,21
32,2020,4,1,1,a,0.32,13.8,-23.9,7.29,-7.69,6.95,0.1,67.8,68.1,92.8,29.6,39.13,20.62,0,-29.58,19,5,0,11
32,2020,5,1,1,a,7.36,24.1,-8.1,13.4,-1.01,10.32,0.17,60.5,62.4,92.9,23.2,228.28,220.93,187.67,0,31,28,20,0
32,2020,6,1,1,a,17.71,32,0.9,24.8,7.91,8.52,0.14,57.7,59.4,93.3,27,531.4,531.4,531.4,0,30,30,30,0
32,2020,7,1,1,a,15.66,31.9,4.3,21.66,8.36,8.94,0.12,74.3,74.7,98.6,33.9,485.4,485.4,485.4,0,31,31,31,0
32,2020,8,1,1,a,14.21,29.8,-1.6,21.17,6.78,5.09,0.06,78,78.9,99.3,43.8,440.38,440.38,440.38,0,31,31,31,0
32,2020,9,1,1,a,9.54,21.5,-3.7,15.05,3.81,6.29,0.07,88.1,87.5,100,47.2,286.05,286.05,282.03,0,30,30,29,0
32,2020,10,1,1,a,4.97,15.6,-4.6,7.25,2.58,3.32,0.03,95.1,95,100,66.3,160.56,153.4,146.92,-6.51,26,19,17,5
32,2020,11,0.1,0.1,a,4.16,9.3,-1,6.07,1.67,3.26,0.03,97.6,95.8,100,84.3,12.47,7.73,7.73,0,3,1,1,0
33,2019,9,0.5666666666666667,0.5666666666666667,a,3.8,11.7,-6.1,8.61,-1.21,5.78,0.07,86.8,85.6,96.9,51.9,65.28,54.62,46.17,-0.63,16,9,7,1
33,2019,10,1,1,a,1.1,9.8,-6.5,3.49,-1.28,3.73,0.04,93.6,92.9,98.2,63.5,54.09,33.59,28.67,-19.86,19,5,4,12
33,2019,11,1,1,a,-3.41,5.1,-24.3,-1.31,-6.17,1.86,0.02,92.2,92.2,95.9,83,9.25,3.02,0,-111.45,7,1,0,23
33,2019,12,0.9032258064516129,0.9032258064516129,a,-3.19,1.5,-23.1,-1.5,-5.61,2.24,0.02,92.5,91.7,94.7,80.5,1.12,0,0,-90.52,2,0,0,26
33,2020,1,0.8387096774193549,0.8387096774193549,a,-3.78,3.9,-26.4,-1.53,-6.59,4.32,0.05,91.1,89.9,94.7,69,4.84,0,0,-103.15,5,0,0,21
33,2020,2,1,1,a,-5.34,3.8,-26.2,-1.91,-9.89,3.67,0.04,87.6,87.5,94.1,66.9,7.05,0,0,-161.98,9,0,0,20
33,2020,3,1,1,a,-3.32,9.6,-24.6,2.26,-10.69,10.03,0.13,76.7,74.6,93.1,36.8,19.88,9.57,0,-122.71,10,3,0,21
33,2020,4,1,1,a,0.02,13.5,-21.6,6.15,-7.11,6.87,0.1,67.4,68.5,91,30.7,34.06,16.38,0,-33.56,19,4,0,11
33,2020,5,1,1,a,6.91,25.4,-8.3,13.37,-1.17,9.89,0.16,59.4,61.5,91.2,23.4,214.35,207.91,163.35,0,31,28,17,0
33,2020,6,1,1,a,17.28,32.2,1,24.37,7.8,8.49,0.14,59.5,60.9,94.7,31.8,518.42,518.42,518.42,0,30,30,30,0
33,2020,7,1,1,a,15.23,30.8,2.9,21.26,8.23,8.8,0.11,75.7,78.3,99.2,36.6,472.01,472.01,472.01,0,31,31,31,0
33,2020,8,1,1,a,13.77,28.9,-2.1,20.57,6.62,4.92,0.06,81.7,81.9,99.6,44.4,426.88,426.88,426.88,0,31,31,31,0
33,2020,9,1,1,a,9.07,21.4,-4.2,14.29,3.51,5.79,0.06,90.4,90.4,100,51.2,272.06,272.06,268.82,0,30,30,29,0
33,2020,10,0.7419354838709677,0.7419354838709677,a,5.3,14.6,-4.8,7.49,3.11,3.09,0.03,96.6,96.2,100,73.3,126.23,120.72,117.67,-4.43,20,14,13,3
33,2020,11,0.8,0.8,a,-0.53,8.5,-12.8,1.46,-2.99,3.17,0.03,98,97.2,100,72.5,19.24,10.74,10.74,-32.08,11,2,2,13
33,2020,12,1,1,a,-3.39,2.6,-16.4,-1.57,-5.58,1.69,0.02,98.6,98,100,89.6,4.45,0,0,-109.67,4,0,0,27
33,2021,1,1,1,a,-10,0.8,-34,-7.18,-13.07,4.38,0.05,95,94.3,100,81.2,0.62,0,0,-310.52,3,0,0,28
33,2021,2,1,1,a,-13.85,2.7,-35.9,-10.22,-18.24,3.93,0.04,90.6,90.6,100,76.9,0.69,0,0,-388.53,1,0,0,27
33,2021,3,1,1,a,-5.31,11.2,-37.9,0.55,-12.02,7.79,0.09,83.8,83.7,100,37,21.57,16.86,0,-186.15,9,4,0,22
33,2021,4,1,1,a,2.12,16.4,-12,8.52,-4.21,10.54,0.14,76.6,76.5,98.3,31.6,66.54,37.55,5.02,-2.82,27,9,1,3
33,2021,5,0.5806451612903226,0.5806451612903226,a,8.17,27.5,-9.9,14.47,1.31,11.54,0.17,65.3,68.3,98.7,28.6,147.13,142.12,132.06,0,18,13,10,0
34,2019,9,0.5666666666666667,0.5666666666666667,a,4.2,11.9,-3.5,8.28,0.05,6.23,0.07,88,86.8,98.6,53.4,71.42,60.73,53.19,0,17,10,8,0
34,2019,10,1,1,a,1.34,9.6,-6.4,3.57,-0.81,4.23,0.04,95.3,94.2,100,63.3,59.2,44.42,28.8,-17.62,22,8,4,9
34,2019,11,1,1,a,-3.03,5.6,-20.6,-1.06,-5.48,2.17,0.02,95.3,95.3,100,85.1,10.72,3.4,0,-101.72,7,1,0,23
34,2019,12,0.9032258064516129,0.9032258064516129,a,-2.84,1.9,-20.6,-1.33,-4.89,2.14,0.02,94.8,94.2,97.3,84.2,1.79,0,0,-81.37,3,0,0,25
34,2020,1,0.8387096774193549,0.8387096774193549,a,-3.34,4.4,-24.2,-1.15,-5.78,4.5,0.05,91.9,91.3,97.2,69.2,6.41,0,0,-93.18,8,0,0,18
34,2020,2,1,1,a,-4.74,3.4,-24.1,-1.58,-8.53,3.96,0.04,90.1,89.1,96.3,69.3,8.64,0,0,-146.13,8,0,0,21
34,2020,3,1,1,a,-2.96,8.9,-21.8,1.4,-9.1,10.72,0.14,78.2,76.8,95.7,36.7,18.76,3.77,0,-110.62,10,1,0,21
34,2020,4,1,1,a,-0.21,11.5,-20.4,4.03,-5.8,7.86,0.11,70.4,71.8,94.3,35.7,27.42,15.05,0,-33.6,16,4,0,14
34,2020,5,1,1,a,6.84,22,-6.3,11.66,-0.54,12.2,0.2,58.5,61.7,94.6,25.6,211.98,201.13,162.83,0,31,26,17,0
34,2020,6,1,1,a,16.98,30.2,2,22.5,9.08,9.43,0.16,58.7,60.3,94.6,30.7,509.4,509.4,509.4,0,30,30,30,0
34,2020,7,1,1,a,15.08,27.4,4.8,19.72,9.17,9,0.12,73.2,74.6,96.4,31.7,467.54,467.54,467.54,0,31,31,31,0
34,2020,8,1,1,a,13.96,26.3,-0.3,18.98,7.96,4.78,0.06,76.6,77,95.7,48.2,432.82,432.82,432.82,0,31,31,31,0
34,2020,9,1,1,a,9.6,19.6,-2.2,13.73,4.87,5.84,0.07,85.4,85,96.9,51.7,287.92,287.92,283.38,0,30,30,29,0
34,2020,10,0.7419354838709677,0.7419354838709677,a,5.46,14.1,-4.7,7.35,3.63,3.68,0.04,91.8,92.1,98.7,70,129.82,123.22,119.62,-4.26,20,14,13,3
34,2020,11,0.8,0.8,a,-0.07,8.8,-10,1.87,-2.1,3.92,0.04,93.7,92.5,98.3,69.9,23.08,11.77,11.77,-24.74,12,2,2,12
34,2020,12,1,1,a,-3.16,3,-15.2,-1.38,-5.17,2.38,0.03,93.9,94.4,99.1,86.4,5.58,0,0,-103.49,6,0,0,25
34,2021,1,1,1,a,-9.78,0.9,-32.8,-7.03,-12.77,3.64,0.04,92.6,91.7,98.5,82.8,0.55,0,0,-303.58,3,0,0,28
34,2021,2,1,1,a,-13.3,2.4,-33.7,-10.02,-17.3,3.71,0.04,88.3,88.3,98.4,75.3,0.76,0,0,-373.05,2,0,0,26
34,2021,3,1,1,a,-4.82,10.2,-35.6,0.16,-10.4,7.17,0.09,81.8,81.4,97.8,36.2,22.84,15.88,0,-172.14,10,4,0,21
34,2021,4,1,1,a,1.92,15.2,-8.5,6.24,-3.11,11.1,0.15,75.6,74.4,95.8,30.3,60.67,35.6,10.95,-3.21,26,8,2,4
34,2021,5,0.5806451612903226,0.5806451612903226,a,8.36,26.6,-7.5,13.43,2.31,10.55,0.16,62.2,65.1,95.6,30.7,151.01,144.12,132.36,-0.59,17,12,9,1
35,2019,9,0.5666666666666667,0.5666666666666667,a,3.77,10.7,-4.1,7.68,-0.32,5.4,0.06,89,88.1,98.3,57.4,64.23,54.47,50.73,-0.18,16,9,8,1
35,2019,10,1,1,a,0.99,9.6,-6.6,3.08,-1.09,3.61,0.04,96.5,95.6,99.9,65.7,50.76,32.42,27.72,-20.16,18,5,4,13
35,2019,11,1,1,a,-3.42,3.8,-23.3,-1.56,-5.85,2.44,0.03,96.1,95.9,99.3,83.4,6.12,0,0,-108.86,5,0,0,25
35,2019,12,1,1,a,-3.25,1.3,-21.2,-1.54,-5.62,2.41,0.03,94.9,94.3,97.4,80.9,0.8,0,0,-101.41,2,0,0,29
35,2020,1,1,1,a,-3.85,3,-25.9,-1.61,-6.48,4.03,0.04,93.7,92.5,97,76,3.79,0,0,-123.23,7,0,0,24
35,2020,2,1,1,a,-5.31,2.6,-24.7,-2.46,-9.08,3.23,0.04,91.2,90.7,96.4,79.6,4.74,0,0,-158.62,8,0,0,21
35,2020,3,1,1,a,-3.6,8.3,-23.2,1.22,-9.96,10.68,0.13,81.5,79.2,95.7,36.8,13.93,0,0,-125.42,10,0,0,21
35,2020,4,1,1,a,-0.15,10.5,-21.4,5.17,-6.03,8.18,0.11,70.9,71.6,93.3,29.2,28.27,13.73,0,-32.86,18,4,0,12
35,2020,5,1,1,a,6.44,22.8,-5.9,11.9,-0.65,12.31,0.19,60,63.3,93.5,24.4,199.49,189.82,146.63,0,31,26,15,0
35,2020,6,1,1,a,16.51,29.2,2.1,22.21,8.67,9.42,0.15,62.6,63.4,95.5,30.3,495.19,495.19,495.19,0,30,30,30,0
35,2020,7,1,1,a,14.4,26.4,5.1,18.83,9.07,8.35,0.1,81.5,82.8,99.7,34.6,446.28,446.28,446.28,0,31,31,31,0
35,2020,8,1,1,a,13.19,23.8,-1.1,17.86,7.67,5.68,0.07,86.6,86,100,52.9,408.75,408.75,408.75,0,31,31,31,0
35,2020,9,1,1,a,8.86,17.6,-3,12.72,4.62,5.07,0.05,96,94.1,100,57.5,265.86,265.86,262.08,0,30,30,29,0
35,2020,10,1,1,a,4.62,13.3,-4.3,6.41,2.77,1.97,0.02,99.6,98.5,100,80.4,149.99,142.33,135.48,-6.79,26,18,16,5
35,2020,11,1,1,a,0.24,8.6,-10.7,1.99,-1.82,2.56,0.03,99.5,98.3,100,73.6,37.45,27.68,17.04,-30.14,17,6,3,13
35,2020,12,1,1,a,-3.49,1.8,-14.7,-1.77,-5.37,0.73,0.01,99.8,99.4,100,93.1,2.57,0,0,-110.79,4,0,0,27
35,2021,1,1,1,a,-9.91,0.9,-33.2,-7.2,-12.79,4.19,0.04,97.5,96.1,100,81.7,0.9,0,0,-308.17,3,0,0,28
35,2021,2,1,1,a,-13.71,1.8,-33.6,-10.46,-17.5,3.72,0.04,92.6,92.8,100,81,0.34,0,0,-384.14,1,0,0,27
35,2021,3,1,1,a,-5.47,9.5,-36.6,-0.46,-11.25,6.72,0.08,87.9,87.7,100,52.6,16.42,7.8,0,-185.93,10,2,0,21
35,2021,4,1,1,a,1.75,13.3,-8.1,6.41,-3.1,11.8,0.15,81.1,80.1,100,34.7,55.51,27.23,0,-2.98,26,7,0,4
35,2021,5,0.3548387096774194,0.3548387096774194,a,2.54,11.5,-7.9,6.65,-2.31,14.63,0.2,66.1,71.7,100,36.2,27.96,16.51,7.28,-0.03,10,3,1,1
36,2019,9,0.5666666666666667,0.5666666666666667,a,3.87,11.6,-4,8.32,-0.49,5.53,0.06,89.3,88.3,98.8,55.2,65.89,55.73,51.73,-0.07,16,9,8,1
36,2019,10,0.41935483870967744,0.41935483870967744,a,1.94,9.8,-3,3.97,-0.15,4.21,0.04,96.1,94.7,100,66.1,26.05,19.04,14.26,-0.82,10,3,2,3
36,2019,12,0.0967741935483871,0.0967741935483871,a,-3.54,1.8,-13.5,0.63,-8.97,2.21,0.02,95.7,95.5,99.2,84.2,0.74,0,0,-11.37,1,0,0,2
36,2020,1,1,1,a,-3.71,3.9,-23.8,-1.45,-6.3,4.19,0.04,94.2,93.3,98.6,71.5,5.25,0,0,-120.33,7,0,0,24
36,2020,2,1,1,a,-5.21,3.2,-24,-2.1,-8.84,3,0.03,91.3,91,96.8,78.6,5.64,0,0,-156.68,8,0,0,21
36,2020,3,1,1,a,-3.58,7.8,-22.3,1.42,-9.84,10.07,0.13,80.7,79.8,96,36.7,14.53,0,0,-125.37,10,0,0,21
36,2020,4,1,1,a,-0.05,11.3,-20.5,5.18,-6.2,7.9,0.11,70,72,93.5,28.5,30.36,14.18,0,-31.73,17,4,0,13
36,2020,5,1,1,a,6.92,26.1,-6.5,14.07,-0.86,11.09,0.18,60.2,62.7,93,23,214.41,202.4,169.27,0,31,26,18,0
36,2020,6,1,1,a,17.04,33.7,1.6,24.87,8.41,8.44,0.14,60.8,62.5,93.2,27.1,511.08,511.08,511.08,0,30,30,30,0
36,2020,7,1,1,a,14.92,27,4.9,20.65,8.79,7.38,0.1,76.3,77.6,95.6,33.2,462.48,462.48,462.48,0,31,31,31,0
36,2020,8,1,1,a,13.63,25.5,-1.3,19.37,7.57,4.77,0.06,81,80.6,96.2,49.3,422.51,422.51,422.51,0,31,31,31,0
36,2020,9,1,1,a,9.01,19.1,-2.5,13.42,4.45,5.19,0.06,89.3,89.1,97.6,52.4,270.28,270.28,266.3,0,30,30,29,0
36,2020,10,0.7419354838709677,0.7419354838709677,a,5.18,13.7,-4.1,7.27,3.1,2.41,0.03,95.2,94.4,99.1,77.3,123.17,118.32,115.14,-4.1,19,14,13,4
36,2021,2,1,1,a,-13.64,2.2,-32.6,-10.19,-17.62,3.12,0.03,90.1,89.9,98.8,78.4,0.32,0,0,-382.3,1,0,0,27
36,2021,3,1,1,a,-5.24,9.2,-35.5,-0,-10.93,5.95,0.07,84.2,84,97.9,41.5,18.4,11.35,0,-180.76,10,3,0,21
36,2021,4,1,1,a,2.07,13.6,-8.6,7.17,-3.2,9.93,0.13,77.2,76.1,95.8,33,64.1,33.83,5.17,-1.93,27,8,1,3
36,2021,5,1,1,a,8.35,28.6,-8.4,14.15,2.46,12.07,0.16,73.2,73.2,96.4,33.6,258.82,254.12,233.69,0,31,26,21,0
36,2021,6,1,1,a,17.71,34.6,0.3,25.68,8.9,10.06,0.15,68,68.5,97.2,30,531.3,531.3,531.3,0,30,30,30,0
36,2021,7,1,1,a,18.86,33.5,2.9,25.83,10.73,5.76,0.08,70.4,71.7,96.5,37.2,584.56,584.56,584.56,0,31,31,31,0
36,2021,8,0.3225806451612903,0.3225806451612903,a,14.33,23.3,1,19.24,8.7,11.41,0.13,90.2,86.1,99.5,42.9,143.31,143.31,143.31,0,10,10,10,0
37,2019,9,0.5666666666666667,0.5666666666666667,a,4.31,14,-2.9,8.41,0.46,5.85,0.07,89.9,88.7,99.2,52.6,73.26,62.15,53.98,0,17,10,8,0
37,2019,10,1,1,a,1.35,9.6,-6.5,3.37,-0.6,3.37,0.03,97.8,96.4,100,68.4,58.6,40.33,28.4,-16.61,22,7,4,9
37,2019,11,1,1,a,-3.04,5.1,-20.6,-1.05,-5.5,2.21,0.02,98.8,98.1,100,86.7,9.79,0,0,-101.08,7,0,0,23
37,2019,12,1,1,a,-2.74,1.9,-19.7,-0.86,-5.07,1.78,0.02,99.4,98.6,100,87.9,3.92,0,0,-88.92,10,0,0,21
37,2020,1,1,1,a,-3.39,3.3,-23.2,-1.18,-5.83,3.63,0.04,96.8,95.6,100,76.4,8.06,0,0,-113.17,9,0,0,22
37,2020,2,1,1,a,-4.83,3.3,-23.4,-1.94,-8.27,2.77,0.03,93.4,93,98.3,77.8,7.74,0,0,-147.75,8,0,0,21
37,2020,3,1,1,a,-2.88,10.2,-20.5,1.93,-8.62,11.51,0.14,81,80.3,97.7,33.6,19.22,6.69,0,-108.34,10,2,0,21
37,2020,4,1,1,a,0.13,14.5,-19.2,5.4,-5.38,8.05,0.11,74.1,74.6,96.6,33.8,32.77,15.28,0,-28.79,18,4,0,12
37,2020,5,1,1,a,7.3,26.4,-5.4,14.32,0.47,13.42,0.21,60.6,63.5,97.2,22.5,226.25,214.85,180.95,0,31,26,18,0
37,2020,6,1,1,a,17.73,33.8,3.3,25.5,9.93,10.7,0.18,58.3,60.6,96.9,24.2,531.86,531.86,531.86,0,30,30,30,0
37,2020,7,1,1,a,15.28,29.2,6.7,20.98,10.05,9.39,0.12,77.1,77.8,98.3,29.6,473.68,473.68,473.68,0,31,31,31,0
37,2020,8,1,1,a,14.18,28.4,1.2,20.12,8.77,5.48,0.07,81.1,80.6,98.6,43.6,439.56,439.56,439.56,0,31,31,31,0
37,2020,9,1,1,a,9.49,21.7,-1.9,14.03,5.6,5.63,0.06,90.8,89.8,99.9,46.2,284.72,284.72,280.29,0,30,30,29,0
37,2020,10,1,1,a,4.88,13.6,-4.4,6.63,3.04,2.71,0.03,96.9,96.4,100,76,157.51,147.67,139.77,-6.31,28,18,16,3
37,2020,11,1,1,a,0.51,8.9,-9.9,2.36,-1.42,3.09,0.03,96.8,96.2,100,74.6,42.91,29.83,18.17,-27.62,17,6,3,13
37,2020,12,1,1,a,-3.29,2.9,-13.4,-1.59,-5.16,1.63,0.02,97.2,97.4,100,93.6,4.67,0,0,-106.68,4,0,0,27
37,2021,1,1,1,a,-9.8,0.9,-32.4,-7.22,-12.55,3.31,0.03,95.6,94.7,100,83.4,0.66,0,0,-304.6,3,0,0,28
37,2021,2,1,1,a,-13.43,2.7,-32.6,-10.29,-17.04,3.44,0.04,91.4,91.1,100,79.8,0.48,0,0,-376.48,2,0,0,26
37,2021,3,1,1,a,-4.81,12.4,-34.8,0.27,-10,7.39,0.09,84.8,84,99.8,41.4,22.67,15.82,0,-171.88,11,4,0,20
37,2021,4,1,1,a,2.21,14.9,-7.5,7.55,-2.6,11.45,0.15,76.6,76.1,98.6,29,67.8,37.62,16.49,-1.58,27,8,3,3
37,2021,5,1,1,a,8.82,31.6,-6.4,14.74,3.48,13.93,0.19,72.9,72.7,98.6,28.2,273.28,268.02,248.27,0,31,26,21,0
37,2021,6,1,1,a,18.61,35.1,2.1,26.2,10.37,12.24,0.19,64.2,64.4,98.9,24.4,558.38,558.38,558.38,0,30,30,30,0
37,2021,7,1,1,a,19.9,35.3,4.8,27.65,12.2,7.86,0.12,65,66.2,96.5,29,616.95,616.95,616.95,0,31,31,31,0
37,2021,8,1,1,a,13.37,25.5,1.6,18.85,8.51,8.9,0.1,88.1,85.4,100,37.7,414.55,414.55,414.55,0,31,31,31,0
37,2021,9,1,1,a,6.07,17.8,-2.8,10.53,2.09,5.2,0.06,88.1,88.7,100,49.9,182.18,177.22,152.45,0,30,28,22,0
37,2021,10,0.1935483870967742,0.1935483870967742,a,7.66,12.9,3.4,10.15,5.63,4.98,0.06,89.1,89.8,99.1,66.7,45.97,45.97,45.97,0,6,6,6,0
39,2019,9,0.5666666666666667,0.5666666666666667,a,3.68,11.7,-6.7,8.25,-1.25,5.83,0.07,87.3,86.6,98.3,52.3,63.42,55.17,46.43,-0.9,16,9,7,1
39,2019,10,1,1,a,1.12,9.8,-6.7,3.57,-1.23,4.14,0.04,94.4,93.5,99.8,58.1,55.33,43.8,28.54,-20.65,18,8,4,13
39,2019,11,1,1,a,-3.57,5.4,-24.4,-1.46,-6.2,2.98,0.03,97.3,96.7,100,84.7,8.88,3,0,-116.01,6,1,0,24
39,2019,12,1,1,a,-3.22,2.7,-23.4,-1.33,-5.83,2.1,0.02,98,97.6,100,79.3,2.63,0,0,-102.48,3,0,0,28
39,2020,1,1,1,a,-3.61,4.3,-26.1,-1.11,-6.38,4.32,0.05,95.3,94.6,99.8,68.1,8.28,0,0,-120.17,8,0,0,23
39,2020,2,1,1,a,-5.44,3.3,-26.4,-1.92,-9.76,3.19,0.03,93.9,93,98.9,73.7,7.61,0,0,-165.32,8,0,0,21
39,2020,3,1,1,a,-3.46,9.2,-23.6,1.75,-10.23,11.28,0.14,80.8,79.5,98.2,34.3,18.9,3.71,0,-126.07,10,1,0,21
39,2020,4,1,1,a,-0.45,13.8,-22.6,4.87,-7.46,7.99,0.11,72.5,73.6,96.8,29.4,25.82,14.99,0,-39.24,16,4,0,14
39,2020,5,1,1,a,6.62,21,-6.6,11.98,-1.4,11.89,0.19,61.5,64.2,96.9,24.2,205.2,194.78,157.71,0,31,26,17,0
39,2020,6,1,1,a,16.87,30.1,0.1,22.45,7.48,9.88,0.16,60,61.9,97.4,30.3,506.08,506.08,506.08,0,30,30,30,0
39,2020,7,1,1,a,15.02,28,3.4,19.94,8.27,8.9,0.12,76.2,77.2,99.1,34.7,465.63,465.63,465.63,0,31,31,31,0
39,2020,8,1,1,a,13.55,27.2,-1.8,19.03,6.65,5.05,0.06,80.1,80.5,99,44.5,420.11,420.11,420.11,0,31,31,31,0
39,2020,9,1,1,a,9.06,19.3,-4.1,13.72,3.84,5.95,0.07,90.3,89.2,99.5,49,271.8,271.8,267.86,0,30,30,29,0
39,2020,10,0.7741935483870968,0.7741935483870968,a,5.01,14.6,-4.6,7.24,2.83,2.72,0.03,95.1,95,100,71.1,124.89,119.89,116.65,-4.73,20,14,13,4
40,2019,9,0.5666666666666667,0.5666666666666667,a,4.16,13.5,-5.2,9.26,-0.76,6.46,0.08,86.2,85.1,97.1,49.4,71.02,64.67,53.59,-0.25,16,11,8,1
40,2019,10,1,1,a,1.24,10,-6.6,3.88,-1.15,3.48,0.04,94.3,93.7,99,56.4,57.52,44.81,34.02,-18.93,20,8,5,11
40,2019,11,1,1,a,-3.3,5.8,-24.2,-0.69,-6.1,3.88,0.04,96.8,95.8,100,66.6,10.15,3.42,0,-109.01,7,1,0,23
40,2019,12,1,1,a,-3.01,2.6,-21.8,-1.21,-5.48,2.23,0.02,97.8,97.4,100,77.5,3.02,0,0,-96.47,4,0,0,27
40,2020,1,1,1,a,-3.4,4.2,-25.7,-0.97,-6.15,4.56,0.05,94.8,94.6,100,66.2,9.31,0,0,-114.67,9,0,0,22
40,2020,2,1,1,a,-4.77,5.4,-25.7,-0.62,-9.23,6.58,0.07,93.6,91.2,99.9,41.7,8.37,0,0,-146.68,8,0,0,21
40,2020,3,1,1,a,-2.63,11.2,-21.8,3.62,-9.46,11.57,0.15,78.1,77,98.6,26.8,22.27,10.98,0,-103.92,10,3,0,21
40,2020,4,1,1,a,0.33,14.8,-21.8,7.34,-6.77,7.89,0.11,71,72,97.6,29.3,38.91,16.3,5.03,-28.97,19,4,1,11
40,2020,5,1,1,a,7.22,24.5,-6.6,14.56,-1.1,12.85,0.2,61.9,63.8,97.9,21.7,223.79,218.01,178.04,0,31,28,18,0
40,2020,6,1,1,a,17.43,33,0.7,24.92,8.05,9.89,0.16,59.4,61.5,97.7,27.1,522.81,522.81,522.81,0,30,30,30,0
40,2020,7,1,1,a,15.29,30.6,3.9,21.34,8.83,8.9,0.12,76.7,77.3,99.2,31.4,473.95,473.95,473.95,0,31,31,31,0
40,2020,8,1,1,a,14.16,28.9,-1.6,20.64,7.4,5.43,0.07,79,79.4,99.6,41.5,439.08,439.08,439.08,0,31,31,31,0
40,2020,9,1,1,a,9.68,22.4,-3.4,14.8,4.76,6.82,0.08,88.9,88.2,100,42.2,290.35,290.35,286.34,0,30,30,29,0
40,2020,10,1,1,a,4.95,18.2,-4.7,7.44,2.73,3.34,0.03,97,96.1,100,57.6,160.42,154.34,148.04,-7.06,26,19,17,5
40,2020,11,0.13333333333333333,0.13333333333333333,a,4.06,9.4,-1.1,5.82,1.9,2.46,0.03,97.4,96.7,100,85.7,16.23,11.68,7.32,0,4,2,1,0
41,2019,9,0.5666666666666667,0.5666666666666667,a,4.01,12.8,-6.9,9.38,-1.59,6.46,0.08,86.6,85.3,97.8,45.6,68.93,63.48,47.76,-0.77,16,11,7,1
41,2019,10,1,1,a,1.37,9.8,-6.5,4.02,-1.07,4.62,0.05,93.8,92.4,99.1,57.7,60.04,44.98,34.28,-17.68,22,8,5,9
41,2019,11,1,1,a,-3.23,5.3,-25.6,-0.74,-6.08,3.99,0.04,96.3,95.3,100,64.9,10.46,3.17,0,-107.26,7,1,0,23
41,2019,12,1,1,a,-3.04,2.8,-23.8,-1.06,-5.77,2.39,0.02,97.2,96.7,100,78.8,3.42,0,0,-97.69,4,0,0,27
41,2020,1,1,1,a,-3.48,4.4,-27.8,-0.91,-6.53,4.76,0.05,94.8,94.4,100,64.2,9.69,0,0,-117.65,9,0,0,22
41,2020,2,1,1,a,-5,3.9,-27.9,-0.67,-10.31,6.48,0.07,93.2,90.7,99.7,48.8,9.17,0,0,-154.13,9,0,0,20
41,2020,3,1,1,a,-2.99,11.7,-24.9,3.49,-11.14,11.26,0.15,78,76.8,98.7,33.3,24.52,12.05,0,-117.17,10,3,0,21
41,2020,4,1,1,a,0.16,17.9,-23,7.73,-8.42,7.15,0.1,71,72.2,97.8,30.6,35.25,10.04,5.37,-30.53,21,2,1,9
41,2020,5,1,1,a,7.31,26.7,-9.3,14.16,-1.56,11.68,0.18,62.8,64.8,97.9,22.7,226.59,215.92,181.24,0,31,27,19,0
41,2020,6,1,1,a,17.54,32.1,0.1,24.68,7.23,9.64,0.15,59.8,62.7,97.8,26,526.2,526.2,526.2,0,30,30,30,0
41,2020,7,1,1,a,15.57,29.2,2.7,22.06,7.78,9.22,0.12,74.8,76.5,99.9,31.3,482.68,482.68,482.68,0,31,31,31,0
41,2020,8,1,1,a,14.11,29.3,-2.2,20.93,6.2,4.91,0.06,78.3,79.4,99.1,45.2,437.56,437.56,437.56,0,31,31,31,0
41,2020,9,1,1,a,9.52,21.6,-4.7,15.02,3.46,6.41,0.07,88,87.6,99.5,45.5,285.68,285.68,281.97,0,30,30,29,0
41,2020,10,1,1,a,5.04,15.9,-4.9,7.3,2.85,3.12,0.03,96,95.3,100,66.2,162.69,152.43,149.02,-6.43,27,18,17,4
41,2020,11,1,1,a,0.68,10.4,-13.1,2.86,-1.64,3.96,0.04,96.4,95,100,71,48.12,32.42,19.44,-27.78,18,6,3,12
41,2020,12,1,1,a,-3.26,3,-18.3,-1.37,-5.73,1.74,0.02,97.2,97.1,100,90.7,5.91,0,0,-107.09,5,0,0,26
41,2021,1,1,1,a,-9.98,0.9,-34.9,-6.88,-13.31,4.02,0.04,94.7,93.8,100,77.4,0.65,0,0,-309.97,3,0,0,28
41,2021,2,1,1,a,-13.49,3.4,-37.2,-8.21,-18.97,5.19,0.06,89,88.1,99.5,55,1.2,0,0,-379.05,2,0,0,26
41,2021,3,1,1,a,-4.91,14.7,-39.2,2.63,-12.91,8.97,0.11,82.4,80.2,98.4,24.4,26.47,19.08,5.5,-178.82,9,4,1,22
41,2021,4,1,1,a,2.69,23.5,-11.4,10.24,-4.78,10.75,0.15,73.9,74.1,97.1,20.2,82.69,53.09,38.14,-2.07,27,10,6,3
41,2021,5,0.3548387096774194,0.3548387096774194,a,3.62,16.4,-9.6,9.85,-2.55,13.48,0.2,62.2,67.1,97.2,26.4,39.81,34.03,21.13,0,11,6,3,0
42,2019,9,0.5666666666666667,0.5666666666666667,a,4.24,12.7,-4.6,8.44,-0.09,6.03,0.07,87.3,86.5,97.8,52.7,72.23,60.88,53.36,-0.17,16,10,8,1
42,2019,10,1,1,a,1.4,9.8,-6.4,3.69,-0.81,4.06,0.04,94.4,93.4,99.6,57.1,60.36,44.67,28.74,-16.87,23,8,4,8
42,2019,11,1,1,a,-3.13,5.7,-22.4,-1.08,-5.76,2.82,0.03,96.7,96.1,100,81.6,10.07,3.2,0,-104.01,7,1,0,23
42,2019,12,1,1,a,-2.92,2.7,-21.9,-1.07,-5.45,2.24,0.02,95.1,94.5,98.5,79.8,3.31,0,0,-93.78,4,0,0,27
42,2020,1,1,1,a,-3.28,4.8,-25.2,-0.87,-5.87,4.18,0.05,90.4,90.3,96.7,68,10.56,0,0,-112.1,10,0,0,21
42,2020,2,1,1,a,-5,3.3,-25.1,-1.46,-9.07,4.43,0.05,89.1,87.7,95.5,62.1,9.18,0,0,-154.28,8,0,0,21
42,2020,3,1,1,a,-3.17,8.8,-22.6,1.65,-9.46,10.21,0.13,77.3,75.9,94.6,34.3,19.63,3.73,0,-117.94,10,1,0,21
42,2020,4,1,1,a,-0.47,11.5,-21.3,4.24,-6.53,7.28,0.1,70.8,71.8,93.5,32.9,23.8,10.98,0,-37.83,16,3,0,14
42,2020,5,1,1,a,6.65,22.5,-6.1,12.34,-0.58,11.61,0.19,60.7,62.6,93,24.3,206.28,193.93,162.56,0,31,25,17,0
42,2020,6,1,1,a,17.21,31,1.4,23.76,8.69,9.02,0.15,58.2,60.6,94.8,26.3,516.32,516.32,516.32,0,30,30,30,0
42,2020,7,1,1,a,15.24,27.4,4.8,20.38,9.27,8.58,0.11,75.6,76.6,98.2,29.6,472.32,472.32,472.32,0,31,31,31,0
42,2020,8,1,1,a,14.05,27.3,-0.6,19.48,7.9,5,0.06,80.3,80.3,99.6,47.6,435.52,435.52,435.52,0,31,31,31,0
42,2020,9,1,1,a,9.6,19.6,-2.8,14.19,4.67,6.54,0.07,89.2,88.8,100,48.8,288,288,283.64,0,30,30,29,0
42,2020,10,1,1,a,5.06,15.5,-4.3,6.94,3.06,2.9,0.03,96.9,96.4,100,70.4,163.03,154.4,147.57,-6.12,27,19,17,4
42,2020,11,1,1,a,0.9,8.8,-11.3,2.7,-1.2,4.51,0.05,97,95.4,100,68.2,50.17,33.44,19.62,-23.21,19,6,3,11
42,2020,12,1,1,a,-3.18,3,-17.7,-1.34,-5.36,1.55,0.02,98.1,98.2,100,91.4,5.75,0,0,-104.22,5,0,0,26
42,2021,1,1,1,a,-9.97,0.9,-33.8,-7.16,-13.04,4.4,0.05,96.2,95,100,81.5,0.53,0,0,-309.72,3,0,0,28
42,2021,2,1,1,a,-13.6,2.9,-35.5,-9.78,-18.15,4.35,0.05,91.1,90.9,100,75.6,1.03,0,0,-381.87,2,0,0,26
42,2021,3,1,1,a,-5.01,10.9,-37,0.43,-11.08,8.59,0.1,84.2,83.1,100,31.7,23.57,16.57,5.28,-178.96,10,4,1,21
42,2021,4,1,1,a,1.98,15.9,-10.2,7.06,-3.38,10.7,0.14,79,77.8,99.4,27.3,63.38,34.26,15.25,-3.87,26,8,3,4
42,2021,5,0.3548387096774194,0.3548387096774194,a,3.21,13.6,-7.8,7.58,-1.81,13.79,0.2,64.7,69.3,98.6,34.1,35.7,32.1,16.11,-0.38,10,6,2,1
43,2019,9,0.5666666666666667,0.5666666666666667,a,4.41,15.6,-5.6,9.67,-0.77,7.33,0.09,86.8,85.2,98.4,43.8,75.07,67.18,55.51,-0.12,16,11,8,1
43,2019,10,1,1,a,1.53,9.9,-6.3,4.12,-0.77,4.6,0.05,94.6,93.5,100,49.7,63.57,49.52,34.75,-16.18,22,9,5,9
43,2019,11,1,1,a,-3.01,6,-23.8,-0.48,-5.69,4.06,0.04,97.4,96.2,100,68.2,12.28,3.8,0,-102.46,7,1,0,23
43,2019,12,1,1,a,-2.83,2.4,-22.2,-1.04,-5.23,2.15,0.02,97.1,96.5,100,75.3,3.63,0,0,-91.32,5,0,0,26
43,2020,1,0.9354838709677419,0.9354838709677419,a,-2.85,4.6,-25.3,-0.63,-5.51,4.27,0.05,94.1,93.1,99.1,66.8,10.52,0,0,-93.12,10,0,0,19
43,2020,2,1,1,a,-4.45,4.2,-25.1,-0.26,-9.01,6.95,0.08,91.5,88.9,97.6,41.9,10.17,0,0,-139.25,9,0,0,20
43,2020,3,1,1,a,-2.33,10.6,-22.3,3.54,-9.2,11.75,0.16,77.4,75.1,96.1,27.3,24.59,11.46,0,-96.96,11,3,0,20
43,2020,4,1,1,a,0.31,13.5,-21.6,7.1,-6.5,8.73,0.12,71.3,72,96.2,25.3,36.02,16.16,0,-26.71,20,4,0,10
43,2020,5,1,1,a,7.46,26.7,-6.7,14.81,-0.83,12.97,0.21,59.4,62.3,95.9,19.5,231.24,222.66,192.95,0,31,27,20,0
43,2020,6,1,1,a,17.67,33.7,0.7,25.65,8.42,9.8,0.16,57.1,59.7,95.8,22.6,529.97,529.97,529.97,0,30,30,30,0
43,2020,7,1,1,a,15.21,29.6,4.2,20.83,8.83,9.16,0.12,74.7,75.8,97.1,28.9,471.52,471.52,471.52,0,31,31,31,0
43,2020,8,1,1,a,14.33,29.2,-1.5,21.27,7.45,5.25,0.07,76.9,77.1,97.4,37.7,444.16,444.16,444.16,0,31,31,31,0
43,2020,9,1,1,a,9.87,22.8,-3.3,15.4,4.49,6.64,0.08,85.5,85.4,97.8,41.1,296.03,296.03,292.04,0,30,30,29,0
43,2020,10,0.7741935483870968,0.7741935483870968,a,5.47,18.9,-4.4,7.95,3.21,3.91,0.04,92.7,92.4,99.9,56.3,135.11,127.03,123.55,-3.92,22,14,13,2
44,2019,9,0.5666666666666667,0.5666666666666667,a,4.36,14.1,-4.4,9.52,0.02,6.17,0.07,86.5,85.7,97.3,49.4,74.14,63.29,55.19,0,17,10,8,0
44,2019,10,1,1,a,1.35,10,-6.8,4.09,-0.87,4,0.04,94.2,93.9,99.3,59.2,59.72,45.27,28.92,-17.83,21,8,4,10
44,2019,11,1,1,a,-3.19,5.1,-22.2,-0.95,-5.74,3.27,0.03,96.9,96.2,100,75.6,8.47,0,0,-104.21,7,0,0,23
44,2019,12,1,1,a,-2.9,2.8,-21.8,-1.11,-5.32,2.31,0.02,97.6,97.2,100,81.8,3.18,0,0,-92.93,4,0,0,27
44,2020,1,0.8709677419354839,0.8709677419354839,a,-3.67,4.4,-24.9,-1.26,-6.33,4.8,0.05,94.2,94,99.8,67.5,6.72,0,0,-105.79,8,0,0,19
44,2020,2,1,1,a,-4.79,3.6,-25.1,-0.88,-8.66,5.16,0.06,93.5,91.4,99.1,48.4,8.65,0,0,-147.62,8,0,0,21
44,2020,3,1,1,a,-2.83,9.4,-20.6,2.68,-8.89,11.51,0.15,80,77.8,97.2,31,20.85,10.02,0,-108.45,10,3,0,21
44,2020,4,1,1,a,-0.1,12.3,-21.1,5.74,-6,7.66,0.1,73.4,73.9,96,33.1,29.69,15,0,-32.62,17,4,0,13
44,2020,5,1,1,a,7.27,25.4,-6.2,14.74,-0.29,12.34,0.19,62.8,64.5,95.8,21.5,225.33,213.58,179.48,0,31,26,18,0
44,2020,6,1,1,a,17.57,32.3,2.1,25.55,8.94,9.65,0.16,60.2,61.6,96.7,25.2,527.22,527.22,527.22,0,30,30,30,0
44,2020,7,1,1,a,15.25,27.8,6.1,21.3,9.4,8.71,0.11,76.9,77.8,97.8,28.8,472.73,472.73,472.73,0,31,31,31,0
44,2020,8,1,1,a,14.18,28.7,-0.4,20.85,8.2,5.12,0.06,79.3,79.5,97.9,42.2,439.59,439.59,439.59,0,31,31,31,0
44,2020,9,1,1,a,9.64,21.6,-2.4,15.03,4.87,6.47,0.07,88.9,88.3,99.2,43,289.25,289.25,284.96,0,30,30,29,0
44,2020,10,1,1,a,4.97,17.2,-4.1,7.23,2.82,3.12,0.03,95.5,95.2,100,63.8,160.61,154.56,143.14,-6.67,25,19,16,6
44,2020,11,0.1,0.1,a,4.02,9.1,-1,5.77,1.57,2.79,0.03,98.1,96.7,99.7,87.8,12.05,7.61,7.61,0,3,1,1,0
45,2019,9,0.5666666666666667,0.5666666666666667,a,3.69,13.9,-6.1,8.81,-1.25,5.78,0.07,89.1,88,99,50.9,63.64,55.03,46.46,-0.86,15,9,7,2
45,2019,10,1,1,a,1.11,9.9,-6.7,3.71,-1.38,3.68,0.04,96.3,95.4,100,59.2,54.32,40.06,28.61,-19.87,18,7,4,13
45,2019,11,1,1,a,-3.43,5.2,-24.7,-1.29,-6.18,2.48,0.03,95,94.9,99,82.3,9.4,3.16,0,-112.39,6,1,0,24
45,2019,12,1,1,a,-3.26,2.2,-23.2,-1.3,-5.95,2.07,0.02,94.7,94,97.4,83.1,2.19,0,0,-103.27,3,0,0,28
45,2020,1,1,1,a,-3.72,3.6,-26.6,-1.19,-6.61,4.19,0.05,92,91.4,97.2,69,7.28,0,0,-122.62,7,0,0,24
45,2020,2,1,1,a,-5.32,3.6,-26.3,-1.44,-9.9,4.08,0.05,88.9,88.4,96.2,62.8,7.46,0,0,-161.84,8,0,0,21
45,2020,3,1,1,a,-3.26,11.8,-24.2,3.06,-10.67,10.46,0.14,77.4,75.5,94.9,30.7,19.82,6.92,0,-120.92,10,2,0,21
45,2020,4,1,1,a,-0.13,14.7,-22.6,6.82,-7.7,7.02,0.1,69.1,70.2,94.9,26.2,30.08,11.41,0,-33.88,19,3,0,11
45,2020,5,1,1,a,6.68,25.3,-7.2,14.34,-1.95,10.91,0.17,61,62.9,94.2,26,207.23,196.28,164.21,0,31,26,18,0
45,2020,6,1,1,a,16.78,33.2,-0.2,25.25,7.12,8.46,0.14,59.6,61.7,95,28,503.47,503.47,503.47,0,30,30,30,0
45,2020,7,1,1,a,14.87,28.7,3.1,21.44,7.78,8.61,0.11,75.4,76.3,97.8,27.7,460.86,460.86,460.86,0,31,31,31,0
45,2020,8,1,1,a,13.56,27.7,-2.2,20.24,6.38,4.9,0.06,79.7,79.8,99.2,48.8,420.26,420.26,420.26,0,31,31,31,0
45,2020,9,1,1,a,9.08,20.9,-4.3,14.66,3.45,6.19,0.07,90,89.1,100,46.8,272.5,272.5,263.97,0,30,30,28,0
45,2020,10,1,1,a,4.75,15.1,-4.8,7.06,2.45,2.94,0.03,96.2,96,100,67.1,154.6,146.3,138.2,-7.27,26,18,16,5
45,2020,11,1,1,a,0.37,9.6,-13.8,2.52,-1.96,3.81,0.04,97,96.1,100,72.2,43.42,29.77,17.99,-32.41,17,6,3,13
45,2020,12,1,1,a,-3.43,2.8,-18.5,-1.59,-5.72,1.98,0.02,97.3,97.3,100,91.6,4.74,0,0,-110.93,4,0,0,27
45,2021,1,1,1,a,-10.25,0.8,-35.1,-7.32,-13.48,4.15,0.04,95.2,93.9,100,81.5,0.55,0,0,-318.19,3,0,0,28
45,2021,2,1,1,a,-13.92,2.8,-36,-9.68,-18.85,4.23,0.05,90.5,89.6,100,71.3,0.56,0,0,-390.38,1,0,0,27
45,2021,3,1,1,a,-5.07,15.1,-38,2.59,-12.28,7.86,0.1,82.4,81.6,100,29.7,22.54,17.02,5.41,-179.58,10,4,1,21
45,2021,4,1,1,a,2.06,17.7,-11.6,8.6,-4.33,10.7,0.14,76.5,76.1,100,25.8,64.85,35.02,15.45,-2.96,27,8,3,3
45,2021,5,0.3548387096774194,0.3548387096774194,a,3.17,14.6,-9.1,9.68,-2.79,13.7,0.2,64.8,69.2,100,27.2,35.19,31.01,15.59,-0.35,10,6,2,1
46,2019,9,0.5666666666666667,0.5666666666666667,a,4.6,11.7,-2.6,8.27,1.09,6.25,0.07,91.6,90.2,100,57.9,78.17,67.22,55.09,0,17,11,8,0
46,2019,10,1,1,a,1.53,9.6,-6.2,3.64,-0.46,2.78,0.03,98.7,97.5,100,75.4,62.54,44.77,33.82,-15.12,26,8,5,5
46,2019,11,1,1,a,-2.98,4.8,-19.8,-1,-5.39,2.58,0.03,96.7,96.7,100,87.1,9.54,0,0,-99.09,7,0,0,23
46,2019,12,1,1,a,-2.65,2.3,-19.3,-0.82,-4.85,2.35,0.03,93.7,93.1,97.8,79.6,4.53,0,0,-86.67,10,0,0,21
46,2020,1,1,1,a,-3.28,3.4,-23.3,-1.06,-5.66,3.22,0.04,89.7,89.3,94.9,75.1,8.66,0,0,-110.2,9,0,0,22
46,2020,2,1,1,a,-4.76,3.3,-23.2,-1.56,-8.17,3.23,0.04,87.9,87.3,93.4,67.5,7.92,0,0,-146.06,8,0,0,21
46,2020,3,1,1,a,-2.72,8.8,-20.2,2.42,-8.44,9.64,0.13,75.3,75.6,92.1,36.2,20.36,7.09,0,-104.81,10,2,0,21
46,2020,4,1,1,a,0.57,13.2,-18.9,7.16,-5.35,6.6,0.1,68.7,69.4,90.2,33.1,41.55,22.37,0,-24.42,21,6,0,9
46,2020,5,1,1,a,7.85,24.9,-5,15.14,0.58,11.68,0.2,58.1,59.6,89.8,22.4,243.33,235.76,205.97,0,31,28,21,0
46,2020,6,1,1,a,17.38,30.7,4,23.17,10.57,8.87,0.15,57.3,59.1,90,27.9,521.29,521.29,521.29,0,30,30,30,0
46,2020,7,1,1,a,15.18,27,7.6,19.97,10.5,7.72,0.11,73,73.5,93.4,35,470.46,470.46,470.46,0,31,31,31,0
46,2020,8,1,1,a,14.28,27.2,2.1,19.4,9.44,4.57,0.06,75.6,76,94.9,47.1,442.63,442.63,442.63,0,31,31,31,0
46,2020,9,1,1,a,9.77,20.1,0.4,13.98,6.13,5.95,0.07,86.6,85.5,98.5,53.7,292.99,292.99,292.99,0,30,30,30,0
46,2020,10,1,1,a,5.05,15.7,-4.1,7.11,3.14,3.74,0.04,93.2,93.3,100,65.6,162.16,154.13,142.82,-5.61,28,19,16,3
46,2020,11,1,1,a,0.64,9.2,-9.4,2.49,-1.2,4.05,0.04,93.8,93.2,100,71.8,45.59,31.02,18.81,-26.38,17,6,3,13
46,2020,12,1,1,a,-3.21,2.9,-14.1,-1.46,-5.18,2.64,0.03,94.1,94.8,100,88.4,5.18,0,0,-104.64,5,0,0,26
46,2021,1,1,1,a,-9.76,0.9,-32,-7.16,-12.56,3.78,0.04,92,91.4,99.2,81.3,0.53,0,0,-303.22,3,0,0,28
46,2021,2,1,1,a,-13.32,3.2,-33.7,-9.93,-17.15,3.38,0.04,88,87.5,98.9,73.1,1.11,0,0,-374.21,2,0,0,26
46,2021,3,1,1,a,-4.64,9.9,-35,1.04,-10.17,6.34,0.08,79.6,80.5,96.3,37,22.39,15.29,0,-166.36,11,4,0,20
46,2021,4,1,1,a,2.62,20,-7.2,9.08,-2.56,10.9,0.15,73.9,73.5,97.6,24.1,80.16,47.04,30.32,-1.42,29,9,5,1
46,2021,5,1,1,a,9.08,31,-6.4,14.86,3.68,14.26,0.2,71.6,72.4,99.9,29,281.63,274.55,252.85,0,31,26,21,0
46,2021,6,1,1,a,18.08,31.7,2.8,23.45,11.01,12.15,0.18,66.8,66.9,99.6,30.2,542.43,542.43,542.43,0,30,30,30,0
46,2021,7,1,1,a,19.45,31.3,6,24.88,12.95,7.55,0.11,66.5,68.4,99.8,36.7,603.07,603.07,603.07,0,31,31,31,0
46,2021,8,1,1,a,13.39,24.9,3.3,17.97,9.08,9.09,0.1,91.4,88.3,100,43.2,415.19,415.19,415.19,0,31,31,31,0
46,2021,9,1,1,a,6.29,15.5,-2.7,10.26,2.6,5.61,0.06,89.9,91.4,100,56.3,188.77,183.47,162.67,0,30,28,23,0
46,2021,10,0.1935483870967742,0.1935483870967742,a,7.93,14.2,4.2,10.45,6,6.04,0.07,90.8,91.8,100,62.8,47.58,47.58,47.58,0,6,6,6,0
47,2019,9,0.5666666666666667,0.5666666666666667,a,4.25,10.7,-2.4,7.84,0.77,5.53,0.06,93,91.6,100,61.1,72.31,61.48,53.4,0,17,10,8,0
47,2019,10,1,1,a,1.39,9.3,-6.3,3.31,-0.52,2.69,0.03,99.2,98.1,100,68.5,59.24,40.86,28.43,-16.2,24,7,4,7
47,2019,11,1,1,a,-3.01,5.6,-19.6,-1.08,-5.36,1.65,0.02,99.5,98.8,100,90.5,10.23,3.05,0,-100.47,7,1,0,23
47,2019,12,1,1,a,-2.68,1.6,-18.8,-0.89,-4.81,1.46,0.01,99.3,98.7,100,88.4,4.03,0,0,-87.11,10,0,0,21
47,2020,1,1,1,a,-3.33,3,-22.3,-1.17,-5.59,2.8,0.03,97.7,96.9,100,82.7,7.77,0,0,-111.09,9,0,0,22
47,2020,2,1,1,a,-4.76,3.2,-22.7,-1.98,-8.06,2.81,0.03,95,95,100,77.3,7.45,0,0,-145.57,8,0,0,21
47,2020,3,1,1,a,-2.95,8.2,-19.6,1.27,-8.02,11.4,0.14,83,82.8,100,40.5,17.59,3.48,0,-108.96,10,1,0,21
47,2020,4,1,1,a,-0.1,11.5,-18.7,4.61,-5.08,7.76,0.1,76.6,76.8,97.3,38,26.59,13.97,0,-29.68,17,4,0,13
47,2020,5,1,1,a,7.01,22.9,-4.7,12.95,0.61,15.01,0.23,61.5,65.6,99.3,22,217.39,205.94,173.01,0,31,26,18,0
47,2020,6,1,1,a,17.11,30.3,3.5,23.13,10.27,10.7,0.17,60,62.4,96.8,27.8,513.39,513.39,513.39,0,30,30,30,0
47,2020,7,1,1,a,14.86,27,7.4,19.51,10.3,8.89,0.11,77.8,79,98.2,32.9,460.62,460.62,460.62,0,31,31,31,0
47,2020,8,1,1,a,13.84,25.8,1.8,18.41,9.21,5.09,0.06,80.6,80.9,97.9,48.3,429.02,429.02,429.02,0,31,31,31,0
47,2020,9,1,1,a,9.46,18.4,-1.4,13.18,5.91,5.56,0.06,90.2,88.9,99.4,58,283.87,283.87,279.22,0,30,30,29,0
47,2020,10,1,1,a,4.91,13.8,-4.2,6.64,3.11,2.83,0.03,95.2,94.8,99.9,69.5,158.39,151.38,140.09,-6.12,28,19,16,3
47,2020,11,1,1,a,0.57,8.8,-9.1,2.34,-1.21,3.53,0.04,95.1,94.4,99.5,72.8,44.29,30.64,18.52,-27.08,17,6,3,13
47,2020,12,1,1,a,-3.24,2.8,-13,-1.52,-5.05,2.08,0.02,95.3,95.8,99.9,90.8,4.73,0,0,-105.16,4,0,0,27
47,2021,1,1,1,a,-9.72,0.9,-31.5,-7.15,-12.41,3.96,0.04,93.3,92.5,98.9,81.2,0.57,0,0,-301.88,3,0,0,28
47,2021,2,1,1,a,-13.41,1.6,-32,-10.39,-16.91,3.71,0.04,89.2,89,98.5,79.7,0.49,0,0,-375.92,2,0,0,26
47,2021,3,1,1,a,-4.83,10.2,-34.2,-0.36,-9.63,6.53,0.08,83.5,83.4,98.1,43.1,20.74,11.61,0,-170.62,11,3,0,20
47,2021,4,1,1,a,2.11,15.6,-6.4,6.95,-2.23,11.38,0.15,77,75.9,96.7,27.6,64.54,38.33,21.68,-1.3,28,8,4,2
47,2021,5,1,1,a,8.6,29.4,-5.9,13.66,3.73,13.67,0.19,73.2,73.3,98.2,29.9,267.28,262.97,239.73,-0.58,30,26,20,1
47,2021,6,1,1,a,17.74,32.3,2.5,23.54,10.72,12.53,0.19,66.5,66.7,99.5,28.8,532.22,532.22,532.22,0,30,30,30,0
47,2021,7,1,1,a,19.08,31.9,5.4,24.89,12.7,7.67,0.11,68,69.1,99.1,34.5,591.38,591.38,591.38,0,31,31,31,0
47,2021,8,1,1,a,13.04,22.9,2.1,17.33,8.8,8.71,0.1,90.9,88.3,100,44.6,404.18,404.18,404.18,0,31,31,31,0
47,2021,9,1,1,a,5.99,14.5,-2.2,9.65,2.34,5.07,0.06,90.4,91.3,100,61,179.74,174.87,150.85,0,30,28,22,0
47,2021,10,0.1935483870967742,0.1935483870967742,a,7.79,13.4,3.6,10.33,5.92,5.29,0.06,90.3,91.1,100,65.5,46.76,46.76,46.76,0,6,6,6,0
48,2019,9,0.5666666666666667,0.5666666666666667,a,4.37,10.3,-2.6,7.65,1.02,5.85,0.07,87.7,86,97.1,53.2,74.36,62.05,53.65,0,17,10,8,0
48,2019,10,1,1,a,1.34,9.6,-6.3,3.13,-0.46,4.24,0.05,94.8,94.1,99.2,61.1,57.63,39.19,28.06,-15.97,24,7,4,7
48,2019,11,0.26666666666666666,0.26666666666666666,a,-7.75,0.5,-21.2,-5.01,-11.7,2.6,0.03,93.5,93.7,99.1,84,0,0,0,-61.98,0,0,0,8
48,2019,12,0.0967741935483871,0.0967741935483871,a,-3.14,1.2,-12.3,0.83,-7.83,3.43,0.04,97.2,96.6,99.9,80.7,0.49,0,0,-9.93,1,0,0,2
48,2020,1,1,1,a,-3.58,3.2,-24.2,-1.34,-6.06,4.15,0.04,97.7,95.9,99.9,76.3,4.94,0,0,-116.08,9,0,0,22
48,2020,2,1,1,a,-5.11,2.2,-24,-2.22,-8.62,3.21,0.03,95.4,94.1,98.9,82.7,5.24,0,0,-153.48,8,0,0,21
48,2020,3,1,1,a,-3.37,6.1,-20.6,0.37,-8.93,10.35,0.12,83.8,82.8,98,41.5,11.82,0,0,-116.14,10,0,0,21
48,2020,4,1,1,a,-0.34,8.2,-19.7,3.22,-5.47,8.54,0.11,75.1,76.1,96.1,36.8,24.2,6.6,0,-34.4,15,2,0,15
48,2020,5,1,1,a,6.41,21.8,-5.7,10.51,0.57,13.62,0.21,62,65.1,96.1,25.5,198.72,190.52,148.64,0,31,26,15,0
48,2020,6,1,1,a,17.06,29.6,4.3,22.05,10.2,10.52,0.17,60,61.5,96.4,31.1,511.71,511.71,511.71,0,30,30,30,0
48,2020,7,1,1,a,14.92,25.8,7.3,18.89,10.2,8.91,0.11,78.2,79,98.1,34,462.59,462.59,462.59,0,31,31,31,0
48,2020,8,1,1,a,13.84,24.5,1.8,18.22,8.84,5.31,0.07,81.7,81.5,96.8,50,428.95,428.95,428.95,0,31,31,31,0
48,2020,9,1,1,a,9.31,18.3,-1.2,12.99,5.39,5.47,0.06,91.2,90.8,99.7,56.4,279.19,279.19,274.42,0,30,30,29,0
48,2020,10,1,1,a,4.85,13,-4.1,6.51,3.15,2.82,0.03,97,96.5,100,78.6,156.19,145.87,138.74,-5.73,28,18,16,3
48,2020,11,1,1,a,0.49,8.8,-8.9,2.15,-1.31,3.06,0.03,97.1,96.7,100,72.9,39.58,28.73,17.62,-24.98,18,6,3,12
48,2020,12,1,1,a,-3.33,1.9,-15.5,-1.62,-5.25,1.62,0.02,97.3,97.5,100,88.3,2.88,0,0,-106.05,4,0,0,27
48,2021,1,1,1,a,-9.9,0.8,-32.8,-7.21,-12.73,3.85,0.04,95,94,99.9,79.8,0.71,0,0,-307.68,3,0,0,28
48,2021,2,1,1,a,-13.59,1.5,-34.6,-10.53,-17.34,3.11,0.03,90.7,90.8,99.4,80.1,0.29,0,0,-380.68,1,0,0,27
48,2021,3,1,1,a,-5.39,7.8,-35.6,-1.29,-10.46,6.08,0.07,85.5,85.3,98.8,56,15.04,3.7,0,-182.28,10,1,0,21
48,2021,4,1,1,a,1.56,11.2,-8.1,5.11,-2.6,10.07,0.13,78.8,78.5,96.6,36.8,49.35,22.87,0,-2.6,26,6,0,4
48,2021,5,1,1,a,8.18,27.1,-5.9,12.63,3.55,12.66,0.17,73.3,73.4,97.2,35.1,254.2,248.06,224.06,-0.59,30,25,19,1
48,2021,6,1,1,a,17.81,32.5,2.5,23.31,10.77,11.78,0.18,66.3,65.9,97.6,29.6,534.16,534.16,534.16,0,30,30,30,0
48,2021,7,1,1,a,19.12,31.1,5.4,23.97,12.63,8.15,0.12,67.7,68.5,97.8,37.4,592.61,592.61,592.61,0,31,31,31,0
48,2021,8,1,1,a,13.06,21.2,2,17.01,8.76,8.71,0.1,90.2,88.1,100,46.1,404.75,404.75,404.75,0,31,31,31,0
48,2021,9,1,1,a,5.96,14.6,-2.9,9.4,2.37,5.36,0.06,90.7,90.8,100,59.5,178.93,174.78,150.02,0,30,28,22,0
48,2021,10,0.1935483870967742,0.1935483870967742,a,7.53,12.1,3.2,9.9,5.45,4.36,0.05,93.2,93.6,100,71.1,45.16,45.16,45.16,0,6,6,6,0
49,2019,9,0.5666666666666667,0.5666666666666667,a,3.94,11.8,-5.5,8.31,-0.55,5.74,0.07,87.1,87,98.2,52.5,67.22,59.9,52.74,-0.27,16,10,8,1
49,2019,10,1,1,a,1.22,9.9,-6.5,3.4,-0.95,4.03,0.04,95.6,94.4,99.9,59.6,56.64,43.8,33.79,-18.72,20,8,5,11
49,2019,11,1,1,a,-3.36,4.8,-23.5,-1.39,-5.92,2.64,0.03,95.7,95.6,99.6,84.5,8.94,0,0,-109.71,7,0,0,23
49,2019,12,1,1,a,-3,2.6,-22,-1.15,-5.49,2.23,0.02,93.8,93.6,97.2,78.3,2.82,0,0,-95.87,4,0,0,27
49,2020,1,1,1,a,-3.48,4.4,-25.1,-1.07,-6.13,4.41,0.05,92,90.9,96.8,68.2,7.93,0,0,-115.76,10,0,0,21
49,2020,2,1,1,a,-5.24,3.2,-25.4,-2.15,-9.26,3.03,0.03,89.8,89.6,95.9,77.1,7.23,0,0,-159.31,8,0,0,21
49,2020,3,1,1,a,-3.56,8.2,-22,1.15,-9.82,9.65,0.12,80.6,78.8,95.5,37.7,15.94,3,0,-126.2,10,1,0,21
49,2020,4,1,1,a,-0.36,13.3,-21.6,4.95,-6.54,7.13,0.1,70,72.1,94.1,31,27.92,14.3,0,-38.67,17,4,0,13
49,2020,5,1,1,a,6.69,24.1,-6,13.12,-0.69,10.94,0.17,61.9,63.9,94.5,23.9,207.36,197.73,167.24,0,31,26,18,0
49,2020,6,1,1,a,17.26,30.7,1.2,24.37,8.63,9.27,0.15,59.4,61.2,96.1,29.8,517.71,517.71,517.71,0,30,30,30,0
49,2020,7,1,1,a,15.18,27.8,4.2,21.29,8.83,8.24,0.11,77.3,78.3,98.1,31.5,470.64,470.64,470.64,0,31,31,31,0
49,2020,8,1,1,a,13.78,28.2,-1.2,19.82,7.44,5.11,0.06,81.6,81.5,99.5,45.6,427.28,427.28,427.28,0,31,31,31,0
49,2020,9,1,1,a,9.2,19.1,-3.4,13.61,4.4,5.96,0.07,92.3,90.8,100,49.2,276.06,276.06,271.96,0,30,30,29,0
49,2020,10,1,1,a,4.83,13.8,-4.4,6.75,2.83,1.98,0.02,97.9,97.2,100,80.5,156.36,150.04,139.08,-6.5,26,19,16,6
49,2020,11,1,1,a,0.59,9.2,-11.9,2.49,-1.62,4.01,0.04,97.5,96.4,100,68.3,44.99,31.62,18.96,-27.38,17,6,3,13
49,2020,12,1,1,a,-3.32,2.4,-16.3,-1.5,-5.45,1.14,0.01,98.4,98.4,100,93.6,4.3,0,0,-107.31,4,0,0,27
49,2021,1,1,1,a,-10,0.9,-34,-7.14,-13.01,3.58,0.04,96.8,95.5,100,82.8,0.59,0,0,-310.52,3,0,0,28
49,2021,2,1,1,a,-13.7,2.4,-35,-10.14,-17.92,2.92,0.03,92.3,92,100,81,0.53,0,0,-384.11,2,0,0,26
49,2021,3,1,1,a,-5.21,8.7,-36.6,-0.33,-10.81,6.19,0.07,84.8,84.6,99.9,44,19.54,7.87,0,-181.14,10,2,0,21
49,2021,4,1,1,a,1.73,15.7,-8.7,7.19,-3.36,9.6,0.12,78.7,79,100,30,56.06,26.68,0,-4.15,25,7,0,5
49,2021,5,0.3548387096774194,0.3548387096774194,a,2.83,12.5,-8.6,7.4,-2.15,13.81,0.2,65.8,70.3,100,35.1,31.49,28.21,13.75,-0.35,10,6,2,1
50,2019,9,0.5666666666666667,0.5666666666666667,a,4.09,10.7,-5.2,8.79,-0.54,5.86,0.07,87.5,86.7,97.4,49.9,69.76,63.39,52.5,-0.23,16,11,8,1
50,2019,10,1,1,a,1.26,9.6,-6.4,3.63,-0.95,3.71,0.04,95.7,94.5,99.5,61.7,56.93,44.04,28.76,-17.98,19,8,4,12
50,2019,11,0.16666666666666666,0.16666666666666666,a,-7.19,0.5,-22.7,-3.92,-11.78,3.52,0.04,94.1,93.4,98.9,84.6,0,0,0,-35.94,0,0,0,5
50,2020,1,0.8387096774193549,0.8387096774193549,a,-3.69,2.6,-25.2,-1.34,-6.46,3.04,0.03,94.3,93.7,97.9,80.1,4,0,0,-99.85,6,0,0,20
50,2020,2,1,1,a,-4.96,3.2,-24.5,-1.37,-9.26,4.47,0.05,91.4,90.2,96.9,56.9,7.23,0,0,-150.97,8,0,0,21
50,2020,3,1,1,a,-2.64,12.1,-21.6,3.42,-9.59,10.5,0.14,77.3,77,95.5,33.1,20.02,10.38,0,-101.88,10,3,0,21
50,2020,4,1,1,a,0.13,13.9,-21.2,6.79,-6.97,7.57,0.1,72.2,73.1,94.5,32.1,31,11.94,0,-27.23,17,3,0,13
50,2020,5,1,1,a,7.32,25,-6.5,14.29,-0.84,12.58,0.2,59.3,62.5,93.7,23.6,227.07,217.76,178.49,0,31,27,18,0
50,2020,6,1,1,a,17.18,32.8,1.3,23.62,8.3,9.6,0.16,58,61.3,95.2,28.3,515.44,515.44,515.44,0,30,30,30,0
50,2020,7,1,1,a,15.1,28.3,4.4,20.37,8.83,8.79,0.11,74.9,76.6,96.4,33.7,468.17,468.17,468.17,0,31,31,31,0
50,2020,8,1,1,a,14.05,29,-0.5,20.13,7.45,4.83,0.06,78.9,79.2,96.2,45.3,435.68,435.68,435.68,0,31,31,31,0
50,2020,9,1,1,a,9.56,19.1,-3,14.14,4.75,5.77,0.07,88.4,88.1,98.6,49.8,286.82,286.82,282.68,0,30,30,29,0
50,2020,10,0.7419354838709677,0.7419354838709677,a,5.43,15.3,-4.9,7.75,3.28,3.62,0.04,93.7,93.7,99.6,65.8,129.4,123.51,120.14,-4.62,19,14,13,4
50,2020,12,0.7741935483870968,0.7741935483870968,a,-3.89,2.8,-14,-2.04,-5.88,1.73,0.02,95.4,95.9,100,92.2,3.7,0,0,-97.12,3,0,0,21
50,2021,1,1,1,a,-9.96,0.9,-33.7,-7.13,-13.02,3.51,0.04,93.8,93.1,99.1,72.1,0.5,0,0,-309.16,3,0,0,28
50,2021,2,1,1,a,-13.5,2.8,-34.6,-9.19,-17.6,4.42,0.05,88.4,87.8,98.2,55.5,0.59,0,0,-378.56,2,0,0,26
50,2021,3,1,1,a,-4.68,11.9,-36.7,1.6,-10.63,7.93,0.1,79.8,81.3,97.2,37.1,23.05,17.02,0,-168.16,10,4,0,21
50,2021,4,1,1,a,2.19,17.2,-9.6,7.71,-3.13,11.46,0.15,76.5,75.9,97.3,29,68.53,43.78,21.38,-2.82,26,10,4,4
50,2021,5,1,1,a,8.69,28.7,-8,14.37,3.14,13.17,0.18,74,72.7,98.3,31.3,269.28,263.24,239.43,0,31,26,20,0
50,2021,6,0.4666666666666667,0.4666666666666667,a,16.62,30.5,0.3,24.42,6.55,10.3,0.17,54.6,59.1,95,28.1,232.67,232.67,232.67,0,14,14,14,0
51,2019,9,0.5666666666666667,0.5666666666666667,a,4.09,10.9,-2.9,8,0.24,5.22,0.06,89.7,88.9,98.3,58.9,69.51,59.86,52.3,0,17,10,8,0
51,2019,10,1,1,a,1.08,9.4,-6.5,3.26,-1.06,2.84,0.03,97.1,96.3,100,66.1,52.87,36.27,28.27,-19.29,19,6,4,12
51,2019,11,0.23333333333333334,0.23333333333333334,a,-8.19,0.4,-21.2,-4.93,-12.54,2.81,0.03,94.5,94.4,99.9,86.3,0,0,0,-57.3,0,0,0,7
51,2020,1,0.6129032258064516,0.6129032258064516,a,-4.39,3,-22.5,-2.09,-6.91,3.72,0.04,98,96.6,100,79.4,1.68,0,0,-85.03,3,0,0,16
51,2020,2,1,1,a,-5.11,2.7,-23.1,-1.99,-8.87,3.06,0.03,96.2,95.7,100,80,5.47,0,0,-153.75,8,0,0,21
51,2020,3,1,1,a,-3.48,7.6,-21.4,1.5,-9.64,10.24,0.12,87.2,84.5,100,41.8,12.88,0,0,-120.75,10,0,0,21
51,2020,4,1,1,a,0.03,10.2,-20,6.2,-6.03,7.79,0.1,75.7,76.5,97.9,34,29.98,6.91,0,-29.01,18,2,0,12
51,2020,5,1,1,a,6.81,25,-5.7,14.22,-0.58,12.98,0.2,63.2,66.1,97.7,20.8,211.22,199.82,158.51,0,31,26,16,0
51,2020,6,1,1,a,16.7,31.2,2.7,23.42,9.27,9.52,0.14,64.3,66,97.5,27.6,501.07,501.07,501.07,0,30,30,30,0
51,2020,7,1,1,a,14.67,27,6.2,19.8,9.63,8.69,0.1,81.8,83.2,100,35.1,454.68,454.68,454.68,0,31,31,31,0
51,2020,8,1,1,a,13.64,25.8,0.5,18.89,8.43,5.08,0.06,85.9,85.8,100,48.7,422.88,422.88,422.88,0,31,31,31,0
51,2020,9,1,1,a,9.33,19.3,-1.8,13.47,5.23,5.17,0.06,94,92.7,100,50.3,280.02,280.02,275.66,0,30,30,29,0
51,2020,10,0.7419354838709677,0.7419354838709677,a,5.19,13.7,-4.6,7.25,3.13,2.37,0.02,98.3,97.7,100,76.6,123.78,118.91,115.72,-4.42,19,14,13,4
51,2021,1,0.5161290322580645,0.5161290322580645,a,-6.15,0.7,-23.3,-3.88,-8.44,2.15,0.02,97.1,96.7,100,89,0.55,0,0,-98.95,3,0,0,13
51,2021,2,1,1,a,-13.46,2.3,-31.4,-10.11,-17.16,3.24,0.04,92.8,92.2,100,78.6,0.38,0,0,-377.22,1,0,0,27
51,2021,3,1,1,a,-5.18,10.9,-34.5,0.34,-10.47,6.01,0.07,87.5,87,99.5,50.4,18.31,8.11,0,-178.78,10,2,0,21
51,2021,4,1,1,a,2.2,16.3,-8.4,8.16,-2.78,10.56,0.13,80.4,78.8,98.5,28.1,68.03,36.72,16.12,-2.01,27,8,3,3
51,2021,5,1,1,a,8.39,29.1,-7.4,14.37,2.77,12.35,0.16,74.4,75.4,98.7,31.1,260.22,254.88,230.91,0,31,26,20,0
51,2021,6,1,1,a,17.44,32.5,1.2,24,10.01,11.59,0.17,69.4,69.8,97.9,30.1,523.3,523.3,523.3,0,30,30,30,0
51,2021,7,0.9032258064516129,0.9032258064516129,a,18.97,32.2,4,25.66,11.58,5.34,0.08,70.3,70.6,95.2,35.9,531.19,531.19,531.19,0,28,28,28,0
53,2019,9,0.5666666666666667,0.5666666666666667,a,4.12,12.1,-4.5,8.36,-0.1,6.28,0.07,87.3,86.4,98.1,54.1,70.06,60.85,53.05,-0.04,16,10,8,1
53,2019,10,0.7096774193548387,0.7096774193548387,a,1.75,9.8,-2.9,4.08,-0.23,3.64,0.04,95.2,94.6,99.5,65.9,39.76,25.55,25.55,-1.2,18,4,4,4
53,2019,11,0.13333333333333333,0.13333333333333333,a,-11.91,-5.9,-22.7,-8.22,-16.05,3.14,0.03,91.5,91.3,95.3,84.9,0,0,0,-47.64,0,0,0,4
53,2019,12,1,1,a,-2.86,2.4,-20.7,-1.14,-5.22,1.81,0.02,95.5,95.2,98.8,85.6,3.08,0,0,-91.83,4,0,0,27
53,2020,1,1,1,a,-3.29,4.2,-24,-1.02,-5.81,3.95,0.04,93.6,92.8,99.1,69.6,9.43,0,0,-111.54,10,0,0,21
53,2020,2,1,1,a,-4.88,3.2,-23.9,-1.65,-8.59,3.65,0.04,90.7,90.6,97.7,65.7,8.32,0,0,-149.72,8,0,0,21
53,2020,3,1,1,a,-3.06,9.6,-21.4,1.67,-8.9,10.68,0.14,78.9,78.2,95.5,36.8,19.44,3.72,0,-114.18,10,1,0,21
53,2020,4,1,1,a,-0.3,14.2,-20.3,4.35,-5.72,7.47,0.1,73.7,73.8,93.9,30.3,26.68,11.33,0,-35.68,17,3,0,13
53,2020,5,1,1,a,6.72,22.3,-6.4,12.55,-0.14,11.99,0.19,61.4,64.3,95,23.2,208.39,198.84,166.75,0,31,26,18,0
53,2020,6,1,1,a,17.09,31.3,1.9,23.52,8.99,9.42,0.15,58.6,61.1,93.9,28.2,512.81,512.81,512.81,0,30,30,30,0
53,2020,7,1,1,a,14.95,28,5.4,20.31,9.21,8.46,0.11,75,76.8,96.1,32.5,463.32,463.32,463.32,0,31,31,31,0
53,2020,8,1,1,a,13.85,27.4,-0.8,19.42,7.86,4.9,0.06,79.1,78.8,96,45.8,429.42,429.42,429.42,0,31,31,31,0
53,2020,9,1,1,a,9.5,20.9,-2.7,14.19,4.87,5.71,0.07,86.6,86.2,96.9,46.8,285.01,285.01,280.97,0,30,30,29,0
53,2020,10,0.7419354838709677,0.7419354838709677,a,5.39,14.9,-4.3,7.56,3.47,2.88,0.03,93.2,92.7,98.6,70.3,128.1,122.28,118.88,-4.19,20,14,13,3
53,2020,11,0.13333333333333333,0.13333333333333333,a,-1.91,0.9,-4.1,-0.42,-2.92,0.61,0.01,94.1,94.1,97.3,90.6,0,0,0,-7.62,0,0,0,4
53,2020,12,1,1,a,-3.15,3,-15.2,-1.4,-5.12,2.34,0.02,94.2,94.6,99,86.5,5.57,0,0,-103.12,6,0,0,25
53,2021,1,1,1,a,-9.81,0.9,-33.1,-7.09,-12.66,3.76,0.04,92.2,91.3,97.9,80.3,0.52,0,0,-304.72,3,0,0,28
53,2021,2,1,1,a,-13.45,2.2,-33.8,-9.99,-17.52,3.71,0.04,87.5,87.6,97.8,74.5,0.67,0,0,-377.38,2,0,0,26
53,2021,3,1,1,a,-4.78,10.2,-36.2,0.51,-10.31,7.05,0.09,80.5,80.9,97,38,23.12,15.87,0,-171.28,10,4,0,21
53,2021,4,1,1,a,1.95,17,-7.7,7.21,-2.7,10.03,0.13,77.3,76,96,26.6,61.82,36.88,10.28,-3.22,26,9,2,4
53,2021,5,1,1,a,8.48,28,-7.4,13.67,3.16,12.05,0.17,73.2,72.9,95.7,30.2,263.17,254.64,237.91,-0.41,30,24,20,1
53,2021,6,0.26666666666666666,0.26666666666666666,a,16.76,29.2,1,25.02,6.46,5,0.09,55,56.3,95.5,28.1,134.07,134.07,134.07,0,8,8,8,0
54,2019,9,0.5666666666666667,0.5666666666666667,a,4.86,13.7,-2.7,9.25,0.83,6.98,0.08,86.6,85.5,98.2,47.9,82.56,69.78,56.38,0,17,11,8,0
54,2019,10,1,1,a,1.65,9.8,-6.6,4.13,-0.45,4.52,0.05,94.8,94,100,52.5,66.47,48.97,34.17,-15.29,25,9,5,6
54,2019,11,1,1,a,-2.91,5.9,-20.8,-0.66,-5.46,3.11,0.03,97.7,96.8,100,74.3,11.36,3.45,0,-98.59,7,1,0,23
54,2019,12,1,1,a,-2.63,2.6,-20.9,-0.72,-4.99,2.11,0.02,98.5,98,100,82.8,5.22,0,0,-86.65,10,0,0,21
54,2020,1,1,1,a,-3.11,4.5,-24.4,-0.78,-5.62,4.8,0.05,95.7,95.3,100,68.6,11.61,0,0,-108.03,10,0,0,21
54,2020,2,1,1,a,-4.51,4.2,-24.7,-0.52,-8.47,6.77,0.07,94.5,92,100,41.8,9.49,0,0,-140.34,8,0,0,21
54,2020,3,1,1,a,-2.46,11.4,-20.9,2.93,-8.61,12.62,0.16,78.9,77.3,100,31.4,22.56,11.24,0,-98.74,10,3,0,21
54,2020,4,1,1,a,0.29,13.6,-20.2,5.56,-5.62,9.3,0.13,72.6,73.4,99.9,28.7,37.02,17.1,0,-28.18,18,4,0,12
54,2020,5,1,1,a,7.8,27.1,-5.5,14.7,0.48,14.3,0.23,60.6,62.5,99.8,19,241.78,232.19,197.46,0,31,27,19,0
54,2020,6,1,1,a,18.18,32.6,3.6,25.82,10.48,10.99,0.18,57.6,59.9,99.7,23.1,545.4,545.4,545.4,0,30,30,30,0
54,2020,7,1,1,a,15.66,29.6,7.6,21.45,10.38,10.13,0.13,76.5,77.3,100,25.8,485.6,485.6,485.6,0,31,31,31,0
54,2020,8,1,1,a,14.67,29.4,1.3,20.19,9.26,6.16,0.08,78.7,79.1,100,43.2,454.78,454.78,454.78,0,31,31,31,0
54,2020,9,1,1,a,10.09,23.2,-1.6,14.94,5.9,7.28,0.08,88.9,88.3,100,41.8,302.63,302.63,302.63,0,30,30,30,0
54,2020,10,1,1,a,5.24,19.9,-4.1,7.57,3.19,3.88,0.04,97.2,96.3,100,54.3,167.97,159,152.39,-5.56,28,19,17,3
54,2020,11,1,1,a,0.91,10.6,-9.5,3.06,-1.07,4.83,0.05,97.9,95.9,100,67.5,50.57,33.68,20.01,-23.36,18,6,3,12
54,2020,12,1,1,a,-3.13,3.2,-15.8,-1.39,-5.16,1.46,0.01,98.7,98.5,100,92.1,5.94,0,0,-103.11,5,0,0,26
54,2021,1,1,1,a,-9.87,0.8,-33.3,-7.1,-12.84,4.43,0.05,97,95.4,100,77.7,0.52,0,0,-306.52,3,0,0,28
54,2021,2,1,1,a,-13.17,2.5,-34.7,-8.9,-17.52,5.48,0.06,91.3,90.2,100,53.4,1.02,0,0,-369.65,2,0,0,26
54,2021,3,1,1,a,-4.11,14.2,-36,2.77,-10.19,10.52,0.13,81.2,80.7,100,20.5,28.27,21.88,5.7,-155.59,12,5,1,19
54,2021,4,1,1,a,2.58,18.1,-7.8,8.07,-2.82,12.43,0.16,76.5,75.9,100,24.6,79.28,47.91,35.88,-1.76,27,9,6,3
54,2021,5,1,1,a,9.31,30.5,-6.5,15.4,3.56,15.18,0.21,71,71.6,100,26.8,288.58,282.62,268.72,0,31,26,23,0
54,2021,6,1,1,a,19.05,33.9,2.4,26.74,10.85,11.92,0.19,62.6,63.3,99.7,22.7,571.58,571.58,571.58,0,30,30,30,0
54,2021,7,1,1,a,20.27,37.6,5.2,27.22,12.91,7.77,0.12,64.8,65.3,98,28.6,628.34,628.34,628.34,0,31,31,31,0
54,2021,8,1,1,a,13.88,25.3,1.7,19.3,8.82,9.5,0.11,87.9,84.2,100,36.6,430.31,430.31,430.31,0,31,31,31,0
54,2021,9,1,1,a,6.63,17.9,-3.5,11.29,2.46,6.12,0.07,86,87.1,100,46.7,198.86,198.86,180.58,0,30,30,25,0
54,2021,10,0.1935483870967742,0.1935483870967742,a,8.25,14.6,3.9,10.7,6.17,7.05,0.08,87.8,88.7,99.9,57.9,49.5,49.5,49.5,0,6,6,6,0
